Marital status,Application mode,Application order,Course,Daytime/evening attendance,Previous qualification,Nacionality,Mother's qualification,Father's qualification,Mother's occupation,Father's occupation,Displaced,Educational special needs,Debtor,Tuition fees up to date,Gender,Scholarship holder,Age at enrollment,International,Curricular units 1st sem (credited),Curricular units 1st sem (enrolled),Curricular units 1st sem (evaluations),Curricular units 1st sem (approved),Curricular units 1st sem (grade),Curricular units 1st sem (without evaluations),Curricular units 2nd sem (credited),Curricular units 2nd sem (enrolled),Curricular units 2nd sem (evaluations),Curricular units 2nd sem (approved),Curricular units 2nd sem (grade),Curricular units 2nd sem (without evaluations),Unemployment rate,Inflation rate,GDP,Target
1,8,2,15,1,1,1,23,27,6,4,1,0,0,1,0,0,20,0,0,6,8,6,13.428571428571429,0,0,6,10,5,12.4,0,9.4,-0.8,-3.12,Graduate
1,1,1,14,1,1,1,23,14,6,8,1,0,0,1,0,0,18,0,0,6,6,6,12.333333333333334,0,0,6,7,5,14.2,0,13.9,-0.3,0.79,Graduate
1,8,2,10,1,1,1,13,28,8,9,1,0,0,1,0,0,21,0,0,6,9,6,11.375,0,0,6,9,6,13.285714285714286,0,16.2,0.3,-0.92,Graduate
1,8,2,10,1,1,1,13,14,10,10,1,0,0,1,0,0,18,0,0,6,6,6,11.666666666666666,0,0,6,8,5,13.2,0,11.1,0.6,2.02,Graduate
1,1,1,10,1,1,1,22,28,10,10,0,0,0,1,0,1,19,0,0,6,7,5,12.333333333333334,0,0,6,7,6,12.833333333333334,0,12.7,3.7,-1.7,Graduate
1,1,1,10,1,1,1,22,27,7,8,1,0,0,1,0,0,18,0,0,6,8,6,13.857142857142858,0,0,6,6,6,15.0,0,13.9,-0.3,0.79,Graduate
1,1,3,15,1,1,1,1,28,5,8,1,0,0,1,0,0,18,0,0,6,6,6,12.666666666666666,0,0,6,7,6,12.571428571428571,0,10.8,1.4,1.74,Graduate
1,8,1,10,1,1,1,13,27,10,8,1,0,0,1,0,1,20,0,0,6,13,2,10.0,0,0,6,12,4,10.75,0,7.6,2.6,0.32,Enrolled
1,1,1,16,1,1,1,13,28,10,4,1,0,0,1,0,1,18,0,0,6,8,5,12.8,0,0,6,7,5,13.4,0,9.4,-0.8,-3.12,Enrolled
1,8,3,10,1,1,1,1,29,6,4,1,0,0,1,0,0,18,0,0,6,7,6,13.0,0,0,6,6,6,13.666666666666666,0,12.4,0.5,1.79,Graduate
1,8,2,5,1,1,1,22,27,10,10,1,0,0,1,0,0,18,0,0,6,6,6,12.333333333333334,0,0,6,6,6,13.0,0,7.6,2.6,0.32,Graduate
1,1,3,10,1,1,1,1,10,10,11,1,0,0,1,0,1,19,0,0,6,7,6,11.333333333333334,0,0,6,6,6,11.5,0,12.4,0.5,1.79,Graduate
1,8,1,16,1,1,1,23,28,8,7,1,0,0,1,0,0,18,0,0,6,11,3,12.333333333333334,0,0,6,10,5,10.833333333333334,0,9.4,-0.8,-3.12,Enrolled
1,1,1,16,1,1,1,22,27,10,10,1,0,0,1,0,0,18,0,0,6,7,6,13.333333333333334,0,0,6,8,5,11.8,0,7.6,2.6,0.32,Graduate
1,1,1,16,1,1,1,23,27,7,7,0,0,0,1,0,0,19,0,0,6,8,6,12.0,0,0,6,10,4,11.5,0,7.6,2.6,0.32,Dropout
1,8,2,10,1,1,1,1,27,8,10,1,0,0,1,0,1,18,0,0,6,8,6,12.25,0,0,6,7,6,11.857142857142858,0,12.7,3.7,-1.7,Graduate
1,1,3,10,1,1,1,13,1,10,11,1,0,0,1,0,0,20,0,0,6,10,4,11.0,0,0,6,9,6,11.833333333333334,0,9.4,-0.8,-3.12,Graduate
1,1,1,14,1,1,1,13,1,5,2,0,0,0,1,0,0,19,0,0,6,6,6,13.166666666666666,0,0,6,9,6,13.0,0,10.8,1.4,1.74,Dropout
1,8,1,15,1,1,1,13,27,8,8,0,0,0,1,0,1,19,0,0,6,6,6,12.5,0,0,6,7,6,13.0,0,15.5,2.8,-4.06,Graduate
1,8,3,10,1,1,1,13,14,8,9,0,0,0,1,0,0,19,0,0,6,10,5,11.666666666666666,0,0,6,12,4,11.0,0,13.9,-0.3,0.79,Graduate
1,1,1,11,1,1,1,13,28,10,9,0,0,0,1,0,1,21,0,0,6,7,6,12.0,0,0,6,6,6,12.5,0,13.9,-0.3,0.79,Graduate
1,8,2,10,1,1,1,13,27,10,9,0,0,0,1,0,1,18,0,0,6,11,5,11.142857142857142,0,0,6,11,4,11.25,0,16.2,0.3,-0.92,Graduate
1,1,1,10,1,1,1,19,24,1,1,1,0,0,1,0,0,18,0,0,6,9,4,11.0,0,0,6,9,4,10.75,0,7.6,2.6,0.32,Graduate
1,1,1,6,1,1,1,13,1,9,8,1,0,0,1,0,0,19,0,0,6,8,6,13.857142857142858,0,0,6,9,5,13.4,0,13.9,-0.3,0.79,Graduate
1,14,1,8,1,1,1,1,3,10,3,1,0,0,1,0,1,20,0,0,6,8,6,15.625,0,0,6,8,6,15.857142857142858,0,13.9,-0.3,0.79,Graduate
1,14,1,15,1,1,1,1,1,5,6,0,0,0,1,0,0,21,0,0,6,8,6,11.714285714285714,0,0,6,7,6,12.0,0,7.6,2.6,0.32,Graduate
1,1,1,10,1,1,1,1,1,10,10,0,0,0,1,0,1,20,0,0,6,6,6,12.0,0,0,6,7,6,12.857142857142858,0,11.1,0.6,2.02,Graduate
1,1,1,11,1,1,1,1,27,10,10,0,0,0,1,0,1,21,0,0,6,9,5,11.0,0,0,6,8,5,12.0,0,15.5,2.8,-4.06,Graduate
1,1,1,10,1,1,1,23,27,10,10,0,0,0,1,0,1,22,0,0,6,6,5,12.6,0,0,6,6,6,13.0,0,10.8,1.4,1.74,Graduate
1,1,1,16,1,1,1,13,14,6,8,0,0,0,1,0,1,18,0,0,6,8,5,13.4,0,0,6,7,6,13.166666666666666,0,9.4,-0.8,-3.12,Graduate
1,1,3,11,1,1,1,13,27,5,8,1,0,0,1,0,0,21,0,0,6,8,6,11.333333333333334,0,0,6,8,4,12.25,0,11.1,0.6,2.02,Graduate
1,1,1,14,1,1,1,13,1,10,9,1,0,0,1,0,1,18,0,0,6,10,6,13.25,0,0,6,13,5,14.142857142857142,0,11.1,0.6,2.02,Graduate
1,1,3,5,1,1,1,13,28,10,10,1,0,0,1,0,0,19,0,0,6,7,5,12.4,0,0,6,6,5,12.4,0,9.4,-0.8,-3.12,Enrolled
1,1,3,15,1,1,1,23,27,8,8,1,0,0,1,0,1,18,0,0,6,6,6,15.0,0,0,6,6,6,12.833333333333334,0,8.9,1.4,3.51,Dropout
1,8,3,5,1,1,1,22,27,10,10,0,0,0,1,0,0,18,0,0,6,6,6,11.833333333333334,0,0,6,6,6,12.5,0,7.6,2.6,0.32,Enrolled
1,1,1,10,1,1,1,1,1,10,9,1,0,0,1,0,1,19,0,0,6,8,5,11.666666666666666,0,0,6,9,5,12.666666666666666,0,12.4,0.5,1.79,Graduate
1,1,1,11,1,1,1,22,28,10,8,0,0,0,1,0,1,20,0,0,6,8,6,11.166666666666666,0,0,6,10,5,10.6,0,15.5,2.8,-4.06,Graduate
1,1,1,10,1,1,1,1,1,5,5,0,0,0,1,0,0,18,0,0,6,7,6,14.0,0,0,6,7,6,14.0,0,10.8,1.4,1.74,Graduate
1,1,1,10,1,1,1,23,14,10,6,0,0,0,1,0,0,18,0,0,6,6,6,12.833333333333334,0,0,6,6,6,12.0,0,12.4,0.5,1.79,Graduate
1,1,2,15,1,1,1,23,28,10,10,1,0,0,1,0,1,19,0,0,6,7,5,11.4,0,0,6,8,5,12.8,0,12.7,3.7,-1.7,Graduate
1,1,1,5,1,1,1,22,27,10,10,1,0,0,1,0,1,19,0,0,6,6,6,13.0,0,0,6,8,6,12.5,0,10.8,1.4,1.74,Graduate
1,1,1,10,1,1,1,1,28,5,6,0,0,0,1,0,0,20,0,0,6,8,6,14.5,0,0,6,7,6,15.428571428571429,0,16.2,0.3,-0.92,Graduate
1,1,1,5,1,1,1,13,27,8,6,0,0,0,1,0,1,21,0,0,6,7,5,13.8,0,0,6,6,6,12.833333333333334,0,16.2,0.3,-0.92,Graduate
1,8,1,5,1,1,1,4,27,3,10,0,0,0,1,0,0,18,0,0,6,8,6,12.5,0,0,6,6,6,12.333333333333334,0,15.5,2.8,-4.06,Enrolled
1,8,2,15,1,1,1,13,28,10,9,1,0,0,1,0,1,18,0,0,6,6,6,14.166666666666666,0,0,6,6,6,13.666666666666666,0,12.4,0.5,1.79,Graduate
1,1,1,10,1,1,1,1,1,4,4,1,0,0,1,0,0,18,0,0,6,10,6,11.571428571428571,0,0,6,8,6,12.333333333333334,0,12.4,0.5,1.79,Graduate
1,1,1,14,1,1,1,1,14,5,11,1,0,0,1,0,0,19,0,0,6,8,4,11.0,0,0,6,9,4,11.0,0,10.8,1.4,1.74,Enrolled
1,1,1,10,1,1,1,13,28,6,10,0,0,0,1,0,1,18,0,0,6,8,6,11.285714285714286,0,0,6,10,6,11.857142857142858,0,12.4,0.5,1.79,Graduate
1,1,1,16,1,1,1,2,14,5,5,1,0,0,1,0,0,18,0,0,6,9,5,12.6,0,0,6,8,5,11.4,0,9.4,-0.8,-3.12,Enrolled
1,1,1,10,1,1,1,23,28,8,8,1,0,0,1,0,0,20,0,0,6,7,6,12.0,0,0,6,7,6,13.0,0,12.4,0.5,1.79,Graduate
1,1,1,10,1,1,1,19,27,5,10,1,0,0,1,0,1,18,0,0,6,6,6,12.166666666666666,0,0,6,9,6,13.666666666666666,0,9.4,-0.8,-3.12,Graduate
1,8,1,10,1,1,1,3,1,10,11,0,0,0,1,0,0,19,0,0,6,9,5,12.166666666666666,0,0,6,8,6,12.428571428571429,0,13.9,-0.3,0.79,Graduate
1,1,1,15,1,1,1,13,14,8,6,1,0,0,1,0,0,18,0,0,6,7,6,13.5,0,0,6,8,6,12.5,0,9.4,-0.8,-3.12,Graduate
1,14,1,15,1,1,1,13,14,10,9,0,0,0,1,0,1,20,0,0,6,6,6,13.666666666666666,0,0,6,6,6,13.333333333333334,0,12.4,0.5,1.79,Graduate
1,1,1,6,1,1,1,22,28,8,6,1,0,0,1,0,1,21,0,0,6,13,6,16.153846153846153,0,0,6,10,6,15.75,0,15.5,2.8,-4.06,Graduate
1,8,1,15,1,1,1,1,14,5,8,0,0,0,1,0,1,19,0,0,6,6,6,13.833333333333334,0,0,6,7,6,14.428571428571429,0,15.5,2.8,-4.06,Graduate
1,1,1,16,1,1,1,13,14,6,6,0,0,0,1,0,1,19,0,0,6,7,6,13.428571428571429,0,0,6,6,6,13.166666666666666,0,15.5,2.8,-4.06,Graduate
1,1,1,10,1,1,1,19,24,1,1,0,0,0,1,0,0,19,0,0,6,8,6,11.5,0,0,6,7,6,11.166666666666666,0,7.6,2.6,0.32,Graduate
1,1,1,16,1,1,1,22,27,10,10,0,0,0,1,0,0,18,0,0,6,6,6,13.666666666666666,0,0,6,9,6,12.333333333333334,0,7.6,2.6,0.32,Graduate
1,8,1,16,1,1,1,1,14,5,6,1,0,0,1,0,0,22,0,0,6,10,5,13.166666666666666,0,0,6,8,5,12.4,0,15.5,2.8,-4.06,Enrolled
1,8,2,6,1,1,1,1,14,5,4,0,0,0,1,0,0,18,0,0,6,7,6,14.857142857142858,0,0,6,7,6,14.0,0,11.1,0.6,2.02,Graduate
1,1,1,11,1,1,1,13,28,10,10,0,0,0,1,0,0,19,0,0,6,6,6,12.0,0,0,6,7,4,12.75,0,12.4,0.5,1.79,Enrolled
1,8,1,10,1,1,1,1,14,5,5,0,0,0,1,0,0,19,0,0,6,6,6,14.666666666666666,0,0,6,7,6,14.571428571428571,0,15.5,2.8,-4.06,Graduate
1,1,1,10,1,1,1,1,28,10,8,1,0,0,1,0,1,20,0,0,6,9,6,12.333333333333334,0,0,6,6,6,11.833333333333334,0,8.9,1.4,3.51,Graduate
1,1,1,6,1,1,1,1,1,10,10,1,0,0,1,0,0,19,0,0,6,13,6,15.23076923076923,0,0,6,10,6,12.375,0,15.5,2.8,-4.06,Graduate
1,8,1,14,1,1,1,13,28,5,11,0,0,0,1,0,0,19,0,0,6,10,5,11.5,0,0,6,9,4,14.6,0,11.1,0.6,2.02,Graduate
1,1,1,15,1,1,1,1,14,5,9,1,0,0,1,0,0,19,0,0,6,7,5,14.2,0,0,6,7,6,14.571428571428571,0,15.5,2.8,-4.06,Graduate
1,8,1,11,1,1,1,13,14,6,6,0,0,0,1,0,1,20,0,0,6,10,4,11.25,0,0,6,6,6,10.5,0,12.4,0.5,1.79,Enrolled
1,1,1,14,1,1,1,13,27,5,6,0,0,0,1,0,1,18,0,0,6,6,6,14.5,0,0,6,8,6,13.666666666666666,0,12.7,3.7,-1.7,Graduate
1,1,1,10,1,1,1,22,14,10,4,1,0,0,1,0,1,19,0,0,6,6,6,13.0,0,0,6,6,6,14.166666666666666,0,12.4,0.5,1.79,Graduate
1,1,2,15,1,1,1,1,14,10,8,1,0,0,1,0,0,20,0,0,6,6,6,13.333333333333334,0,0,6,10,5,12.8,0,11.1,0.6,2.02,Graduate
1,1,3,11,1,1,1,13,28,4,11,1,0,0,1,0,1,20,0,0,6,8,5,12.8,0,0,6,9,5,12.8,0,12.4,0.5,1.79,Enrolled
1,14,1,16,1,1,1,22,14,10,9,0,0,0,1,0,0,22,0,0,6,9,5,13.6,0,0,6,8,5,12.0,0,12.7,3.7,-1.7,Dropout
1,8,1,15,1,1,1,22,27,6,8,0,0,0,1,0,1,18,0,0,6,7,6,12.5,0,0,6,8,6,13.333333333333334,0,16.2,0.3,-0.92,Graduate
1,8,1,10,1,1,1,3,1,3,4,0,0,0,1,0,0,19,0,0,6,8,5,10.6,0,0,6,11,4,10.5,0,15.5,2.8,-4.06,Graduate
1,8,1,10,1,1,1,1,1,5,10,0,0,0,1,0,0,20,0,0,6,11,5,10.6,0,0,6,11,4,10.4,0,15.5,2.8,-4.06,Enrolled
1,1,1,11,1,1,1,13,28,10,8,0,0,0,1,0,1,20,0,0,6,6,6,12.333333333333334,0,0,6,7,6,11.833333333333334,0,13.9,-0.3,0.79,Graduate
1,1,1,14,1,1,1,23,14,8,11,0,0,0,1,0,0,23,0,0,6,11,6,11.875,0,0,6,9,5,12.833333333333334,0,11.1,0.6,2.02,Dropout
1,8,1,16,1,1,1,1,27,8,10,0,0,0,1,0,1,18,0,0,6,7,6,12.666666666666666,0,0,6,7,5,12.2,0,10.8,1.4,1.74,Graduate
1,1,1,14,1,1,1,22,27,6,6,0,0,0,1,0,0,19,0,0,6,7,6,14.857142857142858,0,0,6,6,6,13.333333333333334,0,12.4,0.5,1.79,Graduate
1,8,1,11,1,1,1,1,14,5,4,1,0,0,1,0,0,18,0,0,6,10,5,11.8,0,0,6,10,5,12.2,0,11.1,0.6,2.02,Graduate
1,8,1,5,1,1,1,13,28,10,8,0,0,0,1,0,0,18,0,0,6,7,5,11.8,0,0,6,6,6,12.666666666666666,0,16.2,0.3,-0.92,Graduate
1,8,2,11,1,1,1,23,28,10,10,1,0,0,1,0,0,18,0,0,6,6,6,12.666666666666666,0,0,6,7,5,14.6,0,11.1,0.6,2.02,Graduate
1,1,2,15,1,1,1,13,1,10,4,1,0,0,1,0,0,18,0,0,6,6,6,12.666666666666666,0,0,6,6,6,13.666666666666666,0,12.7,3.7,-1.7,Graduate
1,8,2,16,1,1,1,22,27,10,10,1,0,0,1,0,0,23,0,0,6,11,4,11.25,0,0,6,10,5,10.2,0,7.6,2.6,0.32,Dropout
1,8,1,11,1,1,1,3,14,5,5,0,0,0,1,1,0,21,0,0,6,7,5,11.0,0,0,6,7,5,12.4,0,15.5,2.8,-4.06,Graduate
1,9,3,15,1,1,1,13,1,10,10,1,0,0,1,1,0,19,0,0,6,9,4,12.5,0,0,6,6,6,11.333333333333334,0,10.8,1.4,1.74,Dropout
1,1,1,8,1,1,1,13,28,10,10,1,0,0,1,1,0,18,0,0,6,6,6,13.5,0,0,6,9,5,13.2,0,8.9,1.4,3.51,Graduate
1,8,1,14,1,1,1,1,14,9,8,1,0,0,1,0,0,19,0,0,6,6,6,14.833333333333334,0,0,6,8,6,13.285714285714286,0,8.9,1.4,3.51,Enrolled
1,8,1,11,1,1,1,22,27,8,8,0,0,0,1,0,0,19,0,0,6,8,5,11.8,0,0,6,8,5,11.6,0,10.8,1.4,1.74,Graduate
1,8,1,15,1,1,1,23,28,10,9,1,0,0,1,0,1,18,0,0,6,6,6,12.833333333333334,0,0,6,7,6,12.285714285714286,0,15.5,2.8,-4.06,Graduate
1,1,2,14,1,1,1,13,1,10,4,1,0,0,1,0,0,18,0,0,6,6,6,13.833333333333334,0,0,6,11,6,14.555555555555555,0,10.8,1.4,1.74,Graduate
1,8,1,14,1,1,1,1,14,5,9,1,0,0,1,0,0,20,0,0,6,8,5,13.4,0,0,6,10,4,13.0,0,12.7,3.7,-1.7,Enrolled
1,1,1,5,1,1,1,1,1,2,2,1,0,0,1,0,0,20,0,0,6,6,6,12.833333333333334,0,0,6,10,6,11.166666666666666,0,12.4,0.5,1.79,Graduate
1,1,1,15,1,1,1,3,14,5,6,1,0,0,1,0,0,20,0,0,6,6,6,13.833333333333334,0,0,6,6,6,12.5,0,12.7,3.7,-1.7,Graduate
1,1,1,16,1,1,1,13,14,10,9,1,0,0,1,0,0,21,0,0,6,8,5,12.0,0,0,6,9,5,10.8,0,12.7,3.7,-1.7,Dropout
1,8,2,15,1,1,1,1,28,6,7,1,0,0,1,0,0,18,0,0,6,6,6,13.0,0,0,6,6,6,14.166666666666666,0,12.4,0.5,1.79,Graduate
1,1,2,16,1,1,1,1,28,5,10,1,0,0,1,0,0,19,0,0,6,9,5,12.2,0,0,6,10,4,13.0,0,9.4,-0.8,-3.12,Enrolled
1,1,1,14,1,1,1,22,27,10,8,1,0,0,1,0,1,18,0,0,6,7,6,13.5,0,0,6,9,5,14.0,0,8.9,1.4,3.51,Graduate
1,8,3,10,1,1,1,1,1,5,6,0,0,0,1,0,0,19,0,0,6,11,5,11.2,0,0,6,13,5,11.6,0,15.5,2.8,-4.06,Graduate
1,9,1,15,1,1,1,1,1,4,4,0,0,0,1,0,1,18,0,0,6,6,6,12.666666666666666,0,0,6,6,6,11.833333333333334,0,12.7,3.7,-1.7,Dropout
1,1,1,15,1,1,1,13,28,4,6,0,0,0,1,0,0,19,0,0,6,13,4,11.75,0,0,6,10,4,11.0,0,10.8,1.4,1.74,Graduate
1,14,1,5,1,1,1,1,14,6,11,0,0,0,1,0,0,20,0,0,6,6,5,12.4,0,0,6,9,5,12.4,0,12.7,3.7,-1.7,Graduate
1,1,1,10,1,1,1,22,1,10,10,1,0,0,1,0,1,20,0,0,6,8,6,14.25,0,0,6,8,6,11.0,0,12.7,3.7,-1.7,Graduate
1,1,2,5,1,1,1,13,14,4,4,1,0,0,1,0,0,22,0,0,6,7,6,11.666666666666666,0,0,6,7,5,13.2,0,12.7,3.7,-1.7,Graduate
1,1,1,11,1,1,1,23,28,6,9,1,0,0,1,0,0,18,0,0,6,8,6,12.166666666666666,0,0,6,6,6,13.5,0,11.1,0.6,2.02,Graduate
1,1,1,16,1,1,1,22,14,8,8,1,0,0,1,0,0,18,0,0,6,9,5,11.833333333333334,0,0,6,6,4,12.0,0,15.5,2.8,-4.06,Enrolled
1,1,1,11,1,1,1,13,14,10,4,0,0,0,1,1,0,21,0,0,6,8,6,12.571428571428571,0,0,6,10,4,13.0,0,12.7,3.7,-1.7,Enrolled
1,1,1,11,1,1,1,3,1,3,2,0,0,0,1,1,0,20,0,0,6,12,3,10.0,0,0,6,9,5,10.8,0,15.5,2.8,-4.06,Enrolled
1,1,1,11,1,1,1,13,1,4,8,0,0,0,1,1,0,23,0,0,6,10,6,13.0,0,0,6,9,6,12.0,0,11.1,0.6,2.02,Enrolled
1,14,1,14,1,1,1,3,2,3,3,1,0,0,1,1,0,18,0,0,6,13,4,13.75,0,0,6,8,5,11.2,0,13.9,-0.3,0.79,Enrolled
1,1,1,11,1,1,1,1,14,7,7,1,0,0,1,1,0,21,0,0,6,9,6,12.0,0,0,6,8,5,11.6,0,13.9,-0.3,0.79,Graduate
1,8,2,14,1,1,1,3,3,5,11,1,0,0,1,1,0,21,0,0,6,10,6,11.875,0,0,6,8,5,12.0,0,11.1,0.6,2.02,Graduate
1,1,1,11,1,1,1,3,3,3,3,0,0,0,1,1,0,19,0,0,6,7,6,14.428571428571429,0,0,6,6,6,12.5,0,8.9,1.4,3.51,Graduate
1,1,3,5,1,1,1,22,27,10,10,1,0,0,1,1,1,20,0,0,6,6,6,15.5,0,0,6,7,6,12.166666666666666,0,12.4,0.5,1.79,Graduate
1,1,1,11,1,1,1,1,1,4,4,1,0,0,1,1,0,20,0,0,6,10,6,12.333333333333334,0,0,6,9,4,13.0,0,12.4,0.5,1.79,Graduate
1,1,1,6,1,1,1,1,1,10,10,1,0,0,1,0,1,20,0,0,6,8,6,15.142857142857142,0,0,6,8,6,15.142857142857142,0,11.1,0.6,2.02,Graduate
1,1,2,10,1,1,1,23,1,5,11,1,0,0,1,0,0,18,0,0,6,7,6,12.333333333333334,0,0,6,7,6,12.166666666666666,0,9.4,-0.8,-3.12,Graduate
1,14,1,6,1,1,1,2,1,5,5,0,0,0,1,0,0,19,0,0,6,7,6,15.0,0,0,6,8,6,15.625,0,12.4,0.5,1.79,Graduate
1,8,3,15,1,1,1,1,14,6,6,1,0,0,1,0,1,18,0,0,6,6,6,12.5,0,0,6,6,6,13.833333333333334,0,16.2,0.3,-0.92,Graduate
1,8,1,15,1,1,1,23,28,8,8,1,0,0,1,0,1,18,0,0,6,6,6,15.0,0,0,6,6,6,15.5,0,8.9,1.4,3.51,Graduate
1,1,2,15,1,1,1,1,24,10,10,1,0,0,1,0,1,20,0,0,6,7,5,12.8,0,0,6,6,6,12.333333333333334,0,12.4,0.5,1.79,Graduate
1,1,1,10,1,1,1,1,1,2,2,1,0,0,1,0,0,19,0,0,6,10,6,10.833333333333334,0,0,6,7,6,12.142857142857142,0,11.1,0.6,2.02,Graduate
1,1,1,5,1,1,1,3,3,2,3,1,0,0,1,0,0,18,0,0,6,6,6,13.666666666666666,0,0,6,6,5,14.0,0,12.7,3.7,-1.7,Graduate
1,8,1,15,1,1,1,1,14,10,10,0,0,0,1,0,1,19,0,0,6,6,6,13.166666666666666,0,0,6,6,6,13.833333333333334,0,11.1,0.6,2.02,Graduate
1,8,1,10,1,1,1,1,30,10,3,0,0,0,1,0,1,19,0,0,6,7,6,11.333333333333334,0,0,6,7,6,12.428571428571429,0,11.1,0.6,2.02,Graduate
1,8,3,10,1,1,1,3,1,3,6,1,0,0,1,0,0,18,0,0,6,6,6,12.0,0,0,6,6,5,13.6,0,8.9,1.4,3.51,Graduate
1,1,3,15,1,1,1,13,14,4,4,0,0,0,1,0,1,18,0,0,6,6,6,13.166666666666666,0,0,6,6,6,12.166666666666666,0,12.4,0.5,1.79,Graduate
1,1,3,15,1,1,1,23,28,6,9,1,0,0,1,0,1,18,0,0,6,6,6,14.833333333333334,0,0,6,6,6,14.166666666666666,0,8.9,1.4,3.51,Graduate
1,1,1,8,1,1,1,1,27,10,10,1,0,0,1,0,1,19,0,0,6,8,6,13.333333333333334,0,0,6,7,6,13.666666666666666,0,8.9,1.4,3.51,Graduate
1,1,1,16,1,1,1,3,1,4,8,1,0,0,1,0,0,18,0,0,6,7,6,12.166666666666666,0,0,6,10,4,12.75,0,10.8,1.4,1.74,Enrolled
1,1,1,15,1,1,1,23,28,10,10,1,0,0,1,0,0,18,0,0,6,6,6,15.5,0,0,6,6,6,14.0,0,11.1,0.6,2.02,Graduate
1,8,3,5,1,1,1,1,28,4,6,1,0,0,1,0,1,18,0,0,6,6,6,13.0,0,0,6,6,6,12.166666666666666,0,16.2,0.3,-0.92,Graduate
1,8,1,5,1,1,1,1,27,5,6,0,0,0,1,0,0,20,0,0,6,6,6,12.5,0,0,6,8,6,11.5,0,10.8,1.4,1.74,Enrolled
1,7,1,5,1,1,1,1,1,5,5,1,0,0,1,0,0,18,0,0,6,6,6,14.5,0,0,6,6,6,12.833333333333334,0,12.4,0.5,1.79,Graduate
1,1,2,10,1,1,1,13,14,10,10,1,0,0,1,0,1,20,0,0,6,7,6,12.571428571428571,0,0,6,7,6,13.285714285714286,0,12.4,0.5,1.79,Graduate
1,8,3,14,1,1,1,1,3,5,4,1,0,0,1,0,0,18,0,0,6,8,6,14.0,0,0,6,9,5,14.0,0,8.9,1.4,3.51,Graduate
1,1,3,5,1,1,1,1,3,10,8,1,0,0,1,0,1,18,0,0,6,6,6,15.833333333333334,0,0,6,6,6,15.333333333333334,0,11.1,0.6,2.02,Graduate
1,8,1,11,1,1,1,24,3,4,4,1,0,0,1,0,0,20,0,0,6,8,6,11.666666666666666,0,0,6,10,6,11.0,0,13.9,-0.3,0.79,Dropout
1,1,1,10,1,1,1,23,24,10,10,1,0,0,1,0,0,18,0,0,6,9,5,11.4,0,0,6,8,5,10.8,0,9.4,-0.8,-3.12,Graduate
1,3,2,16,1,1,1,13,14,5,6,1,0,0,1,0,0,22,0,0,6,10,5,12.6,0,0,6,9,4,11.25,0,12.7,3.7,-1.7,Enrolled
1,1,1,10,1,1,1,13,14,10,10,1,0,0,1,0,1,23,0,0,6,7,6,13.857142857142858,0,0,6,6,6,14.166666666666666,0,10.8,1.4,1.74,Graduate
1,1,1,10,1,1,1,1,14,5,4,1,0,0,1,1,0,22,0,0,6,6,6,12.666666666666666,0,0,6,6,6,13.833333333333334,0,10.8,1.4,1.74,Dropout
1,9,1,11,1,1,1,13,14,5,6,0,0,0,1,1,0,20,0,0,6,7,6,13.857142857142858,0,0,6,7,5,12.8,0,16.2,0.3,-0.92,Graduate
1,8,1,5,1,1,1,23,14,10,10,0,0,0,1,1,1,21,0,0,6,8,4,11.5,0,0,6,7,5,11.0,0,15.5,2.8,-4.06,Dropout
1,8,2,5,1,1,1,23,28,10,9,1,0,0,1,1,1,19,0,0,6,6,6,13.666666666666666,0,0,6,7,5,13.2,0,12.4,0.5,1.79,Graduate
1,1,3,15,1,1,1,23,28,10,6,0,0,0,1,0,1,20,0,0,6,9,4,13.0,0,0,6,13,4,11.25,0,10.8,1.4,1.74,Graduate
1,1,2,15,1,1,1,1,14,10,10,1,0,0,1,0,0,18,0,0,6,6,6,14.0,0,0,6,6,6,14.666666666666666,0,10.8,1.4,1.74,Graduate
1,8,1,15,1,1,1,22,27,6,6,0,0,0,1,0,0,18,0,0,6,9,6,12.5,0,0,6,9,6,13.0,0,7.6,2.6,0.32,Graduate
1,1,1,11,1,1,1,23,14,10,6,1,0,0,1,0,0,21,0,0,6,10,6,10.833333333333334,0,0,6,10,4,11.0,0,7.6,2.6,0.32,Enrolled
1,8,1,14,1,1,1,13,14,8,8,0,0,0,1,0,1,19,0,0,6,6,6,13.0,0,0,6,6,6,14.0,0,13.9,-0.3,0.79,Graduate
1,14,2,10,1,1,1,23,28,6,6,0,0,0,1,0,1,19,0,0,6,8,6,11.428571428571429,0,0,6,11,5,11.2,0,10.8,1.4,1.74,Graduate
1,8,2,10,1,1,1,13,28,8,7,1,0,0,1,0,1,19,0,0,6,12,5,11.714285714285714,0,0,6,11,6,11.0,0,12.7,3.7,-1.7,Graduate
1,1,1,16,1,1,1,22,27,10,6,0,0,0,1,0,0,18,0,0,6,6,6,13.166666666666666,0,0,6,6,6,13.333333333333334,0,7.6,2.6,0.32,Graduate
1,1,1,15,1,1,1,13,28,5,11,1,0,0,1,0,0,18,0,0,6,7,6,12.666666666666666,0,0,6,8,4,12.25,0,7.6,2.6,0.32,Enrolled
1,1,3,15,1,1,1,13,14,6,6,1,0,0,1,0,0,19,0,0,6,6,6,13.0,0,0,6,8,5,12.4,0,12.4,0.5,1.79,Graduate
1,1,1,10,1,1,1,22,14,10,5,1,0,0,1,0,1,19,0,0,6,8,6,14.0,0,0,6,8,6,12.285714285714286,0,16.2,0.3,-0.92,Graduate
1,8,2,11,1,1,1,22,27,8,8,1,0,0,1,0,0,18,0,0,6,6,6,13.166666666666666,0,0,6,6,6,12.666666666666666,0,11.1,0.6,2.02,Graduate
1,8,1,15,1,1,1,13,27,10,10,0,0,0,1,1,1,19,0,0,6,6,6,12.0,0,0,6,7,6,11.666666666666666,0,16.2,0.3,-0.92,Graduate
1,1,3,15,1,1,1,23,1,10,5,1,0,0,1,1,0,19,0,0,6,6,6,12.5,0,0,6,7,5,13.0,0,12.4,0.5,1.79,Graduate
1,1,1,15,1,1,1,1,3,4,8,1,0,0,1,1,1,18,0,0,6,7,6,11.666666666666666,0,0,6,12,5,10.2,0,12.4,0.5,1.79,Graduate
1,1,1,15,1,1,1,1,28,5,6,0,0,0,1,1,0,18,0,0,6,6,6,12.0,0,0,6,6,6,12.5,0,12.7,3.7,-1.7,Graduate
1,1,1,8,1,1,1,3,3,3,3,1,0,0,1,0,0,18,0,0,6,8,6,12.0,0,0,6,8,5,14.8,0,12.4,0.5,1.79,Graduate
1,1,1,15,1,1,1,1,3,4,4,1,0,0,1,0,0,18,0,0,6,8,6,11.428571428571429,0,0,6,7,6,11.0,0,11.1,0.6,2.02,Dropout
1,8,1,11,1,1,1,1,14,4,4,1,0,0,1,0,0,19,0,0,6,8,6,12.666666666666666,0,0,6,8,5,13.4,0,11.1,0.6,2.02,Graduate
1,1,3,5,1,1,1,19,24,1,1,1,0,0,1,0,0,18,0,0,6,6,6,12.5,0,0,6,6,6,13.0,0,7.6,2.6,0.32,Dropout
1,8,3,14,1,1,1,1,28,4,4,1,0,0,1,0,0,18,0,0,6,8,6,13.875,0,0,6,7,6,13.714285714285714,0,11.1,0.6,2.02,Graduate
1,8,1,11,1,1,1,13,14,10,9,1,0,0,1,0,0,20,0,0,6,6,6,12.333333333333334,0,0,6,6,6,12.333333333333334,0,12.4,0.5,1.79,Graduate
1,8,1,5,1,1,1,23,28,10,10,0,0,0,1,0,0,20,0,0,6,6,6,14.5,0,0,6,7,6,13.5,0,11.1,0.6,2.02,Graduate
1,1,1,16,1,1,1,13,27,6,8,0,0,0,1,0,1,18,0,0,6,11,4,12.0,0,0,6,8,4,10.75,0,15.5,2.8,-4.06,Enrolled
1,1,1,15,1,1,1,22,27,9,9,0,0,0,1,0,0,18,0,0,6,7,6,13.428571428571429,0,0,6,7,6,14.142857142857142,0,13.9,-0.3,0.79,Graduate
1,1,3,5,1,1,1,1,28,10,8,0,0,0,1,0,1,18,0,0,6,6,6,14.333333333333334,0,0,6,7,6,14.0,0,11.1,0.6,2.02,Enrolled
1,1,1,10,1,1,1,1,3,5,3,0,0,0,1,0,0,18,0,0,6,6,6,14.0,0,0,6,6,6,13.166666666666666,0,10.8,1.4,1.74,Graduate
1,1,1,16,1,1,1,3,1,3,6,0,0,0,1,0,0,18,0,0,6,9,5,12.333333333333334,0,0,6,10,5,10.6,0,15.5,2.8,-4.06,Enrolled
1,1,3,15,1,1,1,3,28,3,11,1,0,0,1,0,0,19,0,0,6,8,6,13.166666666666666,0,0,6,7,6,13.166666666666666,0,10.8,1.4,1.74,Dropout
1,1,2,14,1,1,1,13,14,10,10,1,0,0,1,0,0,18,0,0,6,9,4,13.2,0,0,6,10,5,12.8,0,12.4,0.5,1.79,Graduate
1,1,1,16,1,1,1,23,27,6,6,0,0,0,1,0,0,19,0,0,6,9,4,12.5,0,0,6,9,5,12.5,0,9.4,-0.8,-3.12,Enrolled
1,1,1,10,1,1,1,22,27,10,6,0,0,0,1,0,0,18,0,0,6,11,5,12.4,0,0,6,7,6,13.0,0,9.4,-0.8,-3.12,Graduate
1,1,2,15,1,1,1,13,14,5,8,1,0,0,1,0,0,18,0,0,6,6,6,13.333333333333334,0,0,6,6,6,12.0,0,11.1,0.6,2.02,Graduate
1,1,2,11,1,1,1,13,14,10,10,1,0,0,1,0,1,19,0,0,6,9,5,13.2,0,0,6,8,5,11.0,0,12.4,0.5,1.79,Graduate
1,16,1,5,1,1,1,5,1,3,11,1,0,0,1,0,0,21,0,0,6,7,5,12.2,0,0,6,7,4,12.6,0,8.9,1.4,3.51,Enrolled
1,8,1,14,1,1,1,10,28,10,6,0,0,0,1,0,1,19,0,0,6,6,6,13.666666666666666,0,0,6,9,6,13.666666666666666,0,8.9,1.4,3.51,Graduate
1,1,1,11,1,1,1,22,28,10,10,1,0,0,1,0,0,18,0,0,6,10,5,12.2,0,0,6,8,4,11.25,0,9.4,-0.8,-3.12,Graduate
1,1,1,15,1,1,1,1,4,6,4,0,0,0,1,0,1,20,0,0,6,7,6,12.666666666666666,0,0,6,6,6,12.833333333333334,0,10.8,1.4,1.74,Graduate
1,1,2,16,1,1,1,23,28,8,6,1,0,0,1,0,0,18,0,0,6,10,3,12.0,0,0,6,8,4,10.25,0,10.8,1.4,1.74,Enrolled
1,1,1,10,1,1,1,13,14,1,6,1,0,0,1,0,0,19,0,0,6,12,2,13.0,0,0,6,8,5,11.6,0,7.6,2.6,0.32,Graduate
1,1,1,15,1,1,1,23,27,10,10,0,0,0,1,0,1,19,0,0,6,6,6,12.833333333333334,0,0,6,6,6,13.5,0,16.2,0.3,-0.92,Graduate
1,1,3,5,1,1,1,22,28,10,10,1,0,0,1,0,1,18,0,0,6,6,6,14.0,0,0,6,8,6,13.625,0,10.8,1.4,1.74,Graduate
1,14,2,15,1,1,1,13,14,1,1,0,0,0,1,1,0,23,0,0,6,9,6,12.333333333333334,0,0,6,11,5,13.0,0,7.6,2.6,0.32,Graduate
1,8,2,15,1,1,1,3,1,3,8,1,0,0,1,0,1,20,0,0,6,6,6,14.0,0,0,6,7,6,13.857142857142858,0,15.5,2.8,-4.06,Dropout
1,9,1,14,1,1,1,1,27,10,10,1,0,0,1,1,0,22,0,0,6,11,4,13.0,0,0,6,11,4,12.6,0,12.7,3.7,-1.7,Graduate
1,7,2,10,1,1,1,22,27,6,7,1,0,0,1,0,0,18,0,0,6,8,6,13.571428571428571,0,0,6,11,5,12.166666666666666,0,9.4,-0.8,-3.12,Graduate
1,1,1,10,1,1,1,13,14,10,10,0,0,0,1,0,1,18,0,0,6,11,5,11.142857142857142,0,0,6,8,6,12.285714285714286,0,16.2,0.3,-0.92,Graduate
1,1,1,14,1,1,1,1,14,5,5,0,0,0,1,0,1,18,0,0,6,8,6,14.0,0,0,6,7,6,13.142857142857142,0,11.1,0.6,2.02,Graduate
1,1,1,8,1,1,1,1,14,5,5,0,0,0,1,0,0,18,0,0,6,7,6,15.571428571428571,0,0,6,7,6,14.714285714285714,0,11.1,0.6,2.02,Graduate
1,8,1,10,1,1,1,1,1,10,10,0,0,0,1,0,1,20,0,0,6,11,4,10.75,0,0,6,13,5,11.5,0,15.5,2.8,-4.06,Enrolled
1,8,1,10,1,1,1,23,28,8,8,1,0,0,1,0,1,18,0,0,6,7,6,15.142857142857142,0,0,6,6,6,15.833333333333334,0,12.7,3.7,-1.7,Graduate
1,8,1,10,1,1,1,23,28,6,8,1,0,0,1,0,0,20,0,0,6,11,5,11.2,0,0,6,6,6,12.0,0,9.4,-0.8,-3.12,Graduate
1,1,1,10,1,1,1,13,28,6,7,0,0,0,1,0,1,22,0,0,6,10,5,10.714285714285714,0,0,6,10,5,12.2,0,12.7,3.7,-1.7,Graduate
1,8,2,15,1,1,1,3,1,5,6,1,0,0,1,0,0,19,0,0,6,6,6,12.833333333333334,0,0,6,6,6,12.666666666666666,0,16.2,0.3,-0.92,Graduate
1,1,1,10,1,1,1,13,14,10,10,0,0,0,1,0,1,18,0,0,6,8,6,13.5,0,0,6,9,6,12.833333333333334,0,11.1,0.6,2.02,Graduate
1,1,1,11,1,1,1,13,29,5,9,1,0,0,1,0,0,20,0,0,6,7,6,14.833333333333334,0,0,6,6,6,16.0,0,11.1,0.6,2.02,Graduate
1,14,1,15,1,1,1,23,27,10,6,1,0,0,1,0,0,20,0,0,6,6,6,11.833333333333334,0,0,6,7,6,12.857142857142858,0,15.5,2.8,-4.06,Graduate
1,1,1,10,1,1,1,23,28,8,9,1,0,0,1,0,0,19,0,0,6,11,4,12.75,0,0,6,7,6,11.333333333333334,0,7.6,2.6,0.32,Graduate
1,8,1,10,1,1,1,13,28,6,6,1,0,0,1,0,0,19,0,0,6,6,6,12.0,0,0,6,7,6,12.857142857142858,0,11.1,0.6,2.02,Graduate
1,1,1,6,1,1,1,13,28,10,10,1,0,0,1,0,0,19,0,0,6,7,6,16.0,0,0,6,8,6,15.875,0,12.4,0.5,1.79,Graduate
1,1,3,10,1,1,1,1,1,4,4,1,0,0,1,0,0,20,0,0,6,9,5,11.8,0,0,6,7,6,11.5,0,7.6,2.6,0.32,Graduate
1,1,1,14,1,1,1,23,28,10,11,0,0,0,1,0,0,20,0,0,6,8,6,12.5,0,0,6,10,5,14.166666666666666,0,11.1,0.6,2.02,Graduate
1,8,1,15,1,1,1,22,14,10,11,0,0,0,1,0,0,18,0,0,6,8,5,12.6,0,0,6,10,6,12.428571428571429,0,15.5,2.8,-4.06,Enrolled
1,8,2,11,1,1,1,13,14,5,8,1,0,0,1,0,0,19,0,0,6,8,6,12.166666666666666,0,0,6,6,6,13.5,0,11.1,0.6,2.02,Graduate
1,8,1,10,1,1,1,13,27,10,10,1,0,0,1,0,1,20,0,0,6,7,6,11.714285714285714,0,0,6,8,6,12.625,0,13.9,-0.3,0.79,Graduate
1,1,2,5,1,1,1,1,1,5,10,1,0,0,1,1,1,20,0,0,6,9,6,11.375,0,0,6,6,5,13.8,0,7.6,2.6,0.32,Enrolled
1,1,1,10,1,1,1,13,1,10,10,0,0,0,1,1,0,19,0,0,6,6,6,12.833333333333334,0,0,6,8,6,11.833333333333334,0,10.8,1.4,1.74,Graduate
1,1,1,15,1,1,1,21,27,1,1,1,0,0,1,1,0,20,0,0,6,9,5,12.6,0,0,6,11,4,11.5,0,7.6,2.6,0.32,Graduate
1,8,2,7,1,1,1,1,14,10,9,0,0,0,1,1,1,18,0,0,5,8,4,13.5,0,0,6,10,6,13.625,0,11.1,0.6,2.02,Enrolled
1,1,2,15,1,1,1,1,14,8,8,1,0,0,1,0,1,19,0,0,6,7,6,14.714285714285714,0,0,6,6,6,15.0,0,13.9,-0.3,0.79,Graduate
1,1,3,15,1,1,1,13,14,10,10,1,0,0,1,0,0,18,0,0,6,6,6,12.666666666666666,0,0,6,7,6,12.833333333333334,0,12.7,3.7,-1.7,Graduate
1,8,2,16,1,1,1,1,28,5,9,1,0,0,1,0,0,19,0,0,6,10,5,12.6,0,0,6,7,5,11.2,0,10.8,1.4,1.74,Graduate
1,1,1,10,1,1,1,13,27,8,8,1,0,0,1,0,0,20,0,0,6,13,3,11.2,0,0,6,9,4,12.0,0,16.2,0.3,-0.92,Enrolled
1,8,2,16,1,1,1,1,14,3,11,1,0,0,1,0,0,19,0,0,6,9,5,13.0,0,0,6,8,5,10.4,0,7.6,2.6,0.32,Enrolled
1,1,1,16,1,1,1,22,27,10,8,1,0,0,1,0,1,18,0,0,6,8,5,13.0,0,0,6,9,5,13.5,0,9.4,-0.8,-3.12,Graduate
1,1,3,6,1,1,1,1,3,5,5,1,0,0,1,0,0,18,0,0,6,8,6,14.0,0,0,6,9,6,13.333333333333334,0,8.9,1.4,3.51,Graduate
1,1,2,5,1,1,1,1,14,5,4,0,0,0,1,0,0,19,0,0,6,6,6,12.166666666666666,0,0,6,6,6,11.333333333333334,0,12.7,3.7,-1.7,Graduate
1,1,1,10,1,1,1,1,28,6,9,0,0,0,1,0,1,20,0,0,6,11,5,10.6,0,0,6,9,5,11.166666666666666,0,11.1,0.6,2.02,Enrolled
1,1,1,6,1,1,1,1,10,5,6,0,0,0,1,0,0,20,0,0,6,10,6,13.428571428571429,0,0,6,11,5,12.666666666666666,0,13.9,-0.3,0.79,Enrolled
1,1,1,10,1,1,1,1,14,6,10,0,0,0,1,1,0,18,0,0,6,8,6,12.0,0,0,6,7,6,11.714285714285714,0,15.5,2.8,-4.06,Graduate
1,1,1,15,1,1,1,1,28,4,6,1,0,0,1,1,0,19,0,0,6,8,5,12.0,0,0,6,8,5,12.4,0,9.4,-0.8,-3.12,Graduate
1,1,2,11,1,1,1,3,14,4,11,1,0,0,1,0,0,18,0,0,6,8,6,11.333333333333334,0,0,6,8,5,12.6,0,9.4,-0.8,-3.12,Graduate
1,8,1,10,1,1,1,1,14,5,10,1,0,0,1,0,0,19,0,0,6,7,6,12.857142857142858,0,0,6,7,6,13.666666666666666,0,13.9,-0.3,0.79,Graduate
1,8,1,11,1,1,1,10,1,10,4,1,0,0,1,0,1,18,0,0,6,9,5,11.4,0,0,6,6,6,11.333333333333334,0,12.4,0.5,1.79,Graduate
1,1,1,8,1,1,1,1,1,4,10,1,0,0,1,0,0,20,0,0,6,11,6,13.333333333333334,0,0,6,10,6,13.0,0,16.2,0.3,-0.92,Enrolled
1,1,2,11,1,1,1,23,28,10,8,1,0,0,1,0,1,18,0,0,6,8,6,12.285714285714286,0,0,6,9,5,12.4,0,8.9,1.4,3.51,Graduate
1,1,2,15,1,1,1,23,1,10,10,1,0,0,1,0,0,19,0,0,6,6,5,12.2,0,0,6,7,5,10.8,0,10.8,1.4,1.74,Enrolled
1,7,2,10,1,1,1,13,27,10,8,1,0,0,1,0,1,19,0,0,6,8,4,11.25,0,0,6,6,6,12.0,0,10.8,1.4,1.74,Graduate
1,8,1,14,1,1,1,3,14,6,6,0,0,0,1,0,0,18,0,0,6,6,6,13.666666666666666,0,0,6,8,5,13.6,0,8.9,1.4,3.51,Graduate
1,8,3,10,1,1,1,13,28,10,8,1,0,0,1,0,1,19,0,0,6,8,6,11.333333333333334,0,0,6,6,6,11.833333333333334,0,8.9,1.4,3.51,Graduate
1,1,1,11,1,1,1,23,28,7,7,1,0,0,1,0,0,18,0,0,6,6,6,10.666666666666666,0,0,6,6,6,11.5,0,7.6,2.6,0.32,Graduate
1,8,1,15,1,1,1,13,28,10,8,1,0,0,1,0,1,21,0,0,6,6,5,13.0,0,0,6,7,6,12.833333333333334,0,8.9,1.4,3.51,Graduate
1,1,3,11,1,1,1,22,28,8,8,1,0,0,1,0,1,18,0,0,6,9,6,10.833333333333334,0,0,6,8,5,11.0,0,7.6,2.6,0.32,Enrolled
1,7,3,5,1,1,1,1,28,5,9,1,0,0,1,0,0,19,0,0,6,6,6,15.333333333333334,0,0,6,9,6,15.833333333333334,0,12.7,3.7,-1.7,Graduate
1,9,1,14,1,1,1,1,1,10,10,1,0,0,1,0,1,19,0,0,6,7,6,13.0,0,0,6,6,6,14.333333333333334,0,12.4,0.5,1.79,Graduate
1,8,1,8,1,1,1,2,1,5,2,0,0,0,1,1,0,18,0,0,6,9,6,12.0,0,0,6,10,5,12.166666666666666,0,11.1,0.6,2.02,Dropout
1,8,2,11,1,1,1,13,14,5,4,1,0,0,1,1,0,20,0,0,6,8,6,11.833333333333334,0,0,6,9,5,10.4,0,7.6,2.6,0.32,Enrolled
1,1,1,15,1,1,1,1,14,10,8,0,0,0,1,1,1,18,0,0,6,6,6,15.5,0,0,6,6,6,14.166666666666666,0,11.1,0.6,2.02,Graduate
1,1,3,11,1,1,1,1,1,5,4,1,0,0,1,1,0,18,0,0,6,8,6,12.333333333333334,0,0,6,6,6,13.666666666666666,0,11.1,0.6,2.02,Graduate
1,8,1,15,1,1,1,13,28,5,10,0,0,0,1,1,1,18,0,0,6,7,6,11.333333333333334,0,0,6,8,6,12.285714285714286,0,16.2,0.3,-0.92,Graduate
1,1,2,14,1,1,1,3,1,3,7,1,0,0,1,1,1,21,0,0,6,8,6,15.166666666666666,0,0,6,7,6,14.428571428571429,0,8.9,1.4,3.51,Graduate
1,8,1,11,1,1,1,1,1,10,10,0,0,0,1,0,1,19,0,0,6,8,6,11.166666666666666,0,0,6,7,4,13.4,0,16.2,0.3,-0.92,Graduate
1,9,2,10,1,1,1,13,1,5,4,1,0,0,1,0,1,19,0,0,6,8,4,10.75,0,0,6,11,5,11.5,0,15.5,2.8,-4.06,Graduate
1,1,1,15,1,1,1,1,3,10,10,0,0,0,1,1,0,20,0,0,6,8,6,11.5,0,0,6,8,6,11.0,0,16.2,0.3,-0.92,Graduate
1,8,2,14,1,1,1,1,1,5,11,1,0,0,1,1,0,19,0,0,6,8,6,13.857142857142858,0,0,6,8,5,13.0,0,15.5,2.8,-4.06,Graduate
1,1,1,5,1,1,1,23,27,4,4,0,0,0,1,1,0,18,0,0,6,6,6,14.0,0,0,6,7,6,13.857142857142858,0,8.9,1.4,3.51,Graduate
1,1,1,10,1,1,1,23,14,10,11,1,0,0,1,0,1,18,0,0,6,6,6,12.666666666666666,0,0,6,6,6,12.0,0,9.4,-0.8,-3.12,Graduate
1,8,1,8,1,1,1,23,14,6,8,1,0,0,1,0,0,21,0,0,6,12,5,13.6,0,0,6,10,4,14.25,0,12.4,0.5,1.79,Enrolled
1,1,1,15,1,1,1,22,27,10,8,1,0,0,1,1,1,21,0,0,6,6,6,13.5,0,0,6,6,6,14.166666666666666,0,12.7,3.7,-1.7,Graduate
1,8,1,16,1,1,1,22,28,10,10,1,0,0,1,0,1,21,0,0,6,9,5,12.0,0,0,6,8,5,11.2,0,10.8,1.4,1.74,Dropout
1,1,1,15,1,1,1,22,14,10,10,1,0,0,1,0,1,18,0,0,6,8,5,13.0,0,0,6,7,6,13.0,0,15.5,2.8,-4.06,Graduate
1,1,1,15,1,1,1,13,1,10,10,0,0,0,1,1,1,18,0,0,6,7,6,15.571428571428571,0,0,6,7,6,16.142857142857142,0,13.9,-0.3,0.79,Graduate
1,8,1,10,1,1,1,22,27,8,8,1,0,0,1,1,0,18,0,0,6,10,4,12.0,0,0,6,7,5,11.8,0,9.4,-0.8,-3.12,Dropout
1,8,1,15,1,1,1,23,14,10,11,1,0,0,1,1,0,18,0,0,6,6,6,12.666666666666666,0,0,6,7,5,13.6,0,12.4,0.5,1.79,Enrolled
1,1,2,5,1,1,1,23,14,8,8,1,0,0,1,1,0,18,0,0,6,7,6,12.833333333333334,0,0,6,7,6,12.571428571428571,0,8.9,1.4,3.51,Graduate
1,9,1,14,1,1,1,13,3,10,8,1,0,0,1,0,0,19,0,0,6,8,6,14.125,0,0,6,10,5,14.5,0,11.1,0.6,2.02,Graduate
1,1,2,5,1,1,1,23,28,10,8,1,0,0,1,0,0,18,0,0,6,7,6,14.166666666666666,0,0,6,7,6,14.857142857142858,0,9.4,-0.8,-3.12,Graduate
1,1,1,15,1,1,1,1,1,5,5,1,0,0,1,0,0,19,0,0,6,7,6,14.0,0,0,6,7,5,15.0,0,11.1,0.6,2.02,Enrolled
1,8,1,10,1,1,1,1,1,6,7,0,0,0,1,0,1,20,0,0,6,9,6,11.333333333333334,0,0,6,6,6,12.333333333333334,0,10.8,1.4,1.74,Graduate
1,1,1,6,1,1,1,13,3,5,3,0,0,0,1,0,0,19,0,0,6,13,6,15.307692307692308,0,0,6,9,6,14.0,0,15.5,2.8,-4.06,Graduate
1,8,3,5,1,1,1,22,27,6,6,1,0,0,1,1,0,18,0,0,6,6,6,14.166666666666666,0,0,6,8,5,13.0,0,10.8,1.4,1.74,Graduate
1,8,1,14,1,1,1,23,27,10,9,1,0,0,1,1,1,19,0,0,6,6,6,13.333333333333334,0,0,6,7,6,13.285714285714286,0,8.9,1.4,3.51,Graduate
1,8,1,5,1,1,1,13,28,5,6,1,0,0,1,1,0,22,0,0,6,7,5,11.4,0,0,6,6,6,12.166666666666666,0,7.6,2.6,0.32,Graduate
1,1,1,15,1,1,1,1,1,6,6,1,0,0,1,1,0,18,0,0,6,6,6,13.666666666666666,0,0,6,6,6,14.5,0,12.7,3.7,-1.7,Graduate
1,1,1,10,1,1,1,23,28,8,8,1,0,0,1,1,0,18,0,0,6,8,6,12.5,0,0,6,7,6,11.5,0,10.8,1.4,1.74,Graduate
1,1,2,11,1,1,1,22,27,10,10,1,0,0,1,0,1,18,0,0,6,8,6,10.571428571428571,0,0,6,9,5,11.4,0,16.2,0.3,-0.92,Graduate
1,1,1,8,1,1,1,3,14,3,10,1,0,0,1,1,0,18,0,0,6,8,6,13.714285714285714,0,0,6,7,5,13.333333333333334,0,15.5,2.8,-4.06,Dropout
1,8,2,5,1,1,1,24,29,4,4,1,0,0,1,1,0,20,0,0,6,7,5,11.8,0,0,6,9,4,12.0,0,15.5,2.8,-4.06,Enrolled
1,1,2,15,1,1,1,1,1,10,10,1,0,0,1,0,1,19,0,0,6,7,6,13.5,0,0,6,7,6,14.428571428571429,0,16.2,0.3,-0.92,Graduate
1,1,1,14,1,1,1,1,27,10,11,0,0,0,1,1,0,21,0,0,6,6,5,12.8,0,0,6,9,5,12.25,0,10.8,1.4,1.74,Enrolled
1,8,3,11,1,1,1,13,1,5,5,1,0,0,1,1,1,18,0,0,6,7,6,12.142857142857142,0,0,6,8,6,11.333333333333334,0,8.9,1.4,3.51,Graduate
1,1,1,10,1,1,1,23,27,10,8,1,0,0,1,0,1,18,0,0,6,7,6,12.833333333333334,0,0,6,6,6,12.166666666666666,0,10.8,1.4,1.74,Graduate
1,1,1,10,1,1,1,3,3,4,4,0,0,0,1,0,0,20,0,0,6,6,6,14.5,0,0,6,6,6,12.666666666666666,0,12.4,0.5,1.79,Graduate
1,8,1,11,1,1,1,13,27,6,4,0,0,0,1,0,0,18,0,0,6,7,6,14.714285714285714,0,0,6,7,6,14.166666666666666,0,12.7,3.7,-1.7,Graduate
1,1,1,10,1,1,1,23,1,6,8,0,0,0,1,0,1,18,0,0,6,7,6,13.285714285714286,0,0,6,6,6,14.333333333333334,0,12.4,0.5,1.79,Graduate
1,1,1,10,1,1,1,1,1,5,5,0,0,0,1,0,1,18,0,0,6,9,6,11.5,0,0,6,11,5,14.0,0,11.1,0.6,2.02,Graduate
1,8,1,4,1,1,1,22,3,6,3,0,0,0,1,1,0,19,0,0,6,10,6,13.666666666666666,0,0,6,10,4,12.25,0,13.9,-0.3,0.79,Dropout
1,8,3,5,1,1,1,1,4,5,3,0,0,0,1,1,0,20,0,0,6,6,6,14.166666666666666,0,0,6,8,6,12.333333333333334,0,11.1,0.6,2.02,Graduate
1,8,1,5,1,1,1,22,28,10,6,1,0,0,1,1,0,18,0,0,6,6,6,11.833333333333334,0,0,6,6,6,13.166666666666666,0,7.6,2.6,0.32,Graduate
1,1,1,8,1,1,1,1,1,5,5,1,0,0,1,0,0,18,0,0,6,9,6,15.125,0,0,6,9,6,14.0,0,13.9,-0.3,0.79,Graduate
1,1,1,15,1,1,1,13,1,8,10,1,0,0,1,0,0,19,0,0,6,7,6,12.833333333333334,0,0,6,7,6,11.666666666666666,0,11.1,0.6,2.02,Graduate
1,8,1,16,1,1,1,2,14,4,10,1,0,0,1,0,0,19,0,0,6,8,5,12.333333333333334,0,0,6,8,5,11.0,0,15.5,2.8,-4.06,Enrolled
1,1,2,14,1,1,1,3,14,5,6,1,0,0,1,0,0,18,0,0,6,8,5,13.0,0,0,6,8,5,14.0,0,13.9,-0.3,0.79,Graduate
1,1,1,16,1,1,1,10,10,10,5,1,0,0,1,0,0,18,0,0,6,8,5,15.4,0,0,6,7,5,12.2,0,7.6,2.6,0.32,Graduate
1,1,2,5,1,1,1,13,27,10,10,1,0,0,1,0,1,22,0,0,6,10,5,10.8,0,0,6,7,5,12.8,0,12.7,3.7,-1.7,Graduate
1,1,2,10,1,1,1,22,28,10,9,1,0,0,1,0,0,18,0,0,6,7,6,13.833333333333334,0,0,6,6,6,14.0,0,9.4,-0.8,-3.12,Graduate
1,8,2,15,1,1,1,13,14,10,10,0,0,0,1,0,1,18,0,0,6,7,6,13.428571428571429,0,0,6,6,6,12.5,0,13.9,-0.3,0.79,Graduate
1,8,1,14,1,1,1,23,28,6,8,1,0,0,1,0,0,19,0,0,6,7,6,14.571428571428571,0,0,6,7,6,12.333333333333334,0,12.4,0.5,1.79,Graduate
1,8,2,10,1,1,1,13,14,4,4,1,0,0,1,0,0,18,0,0,6,9,5,11.0,0,0,6,9,4,11.25,0,8.9,1.4,3.51,Graduate
1,8,1,8,1,1,1,4,1,3,11,1,0,0,1,0,0,19,0,0,6,8,6,13.0,0,0,6,9,4,12.8,0,13.9,-0.3,0.79,Graduate
1,1,2,15,1,1,1,3,3,4,5,1,0,0,1,0,0,21,0,0,6,8,5,12.8,0,0,6,7,5,11.2,0,11.1,0.6,2.02,Graduate
1,1,2,11,1,1,1,1,1,10,5,1,0,0,1,0,1,18,0,0,6,9,6,13.571428571428571,0,0,6,6,6,12.166666666666666,0,8.9,1.4,3.51,Graduate
1,1,1,10,1,1,1,23,28,10,7,1,0,0,1,0,0,18,0,0,6,6,6,13.166666666666666,0,0,6,6,6,13.166666666666666,0,8.9,1.4,3.51,Graduate
1,1,1,5,1,1,1,4,14,4,6,1,0,0,1,0,0,19,0,0,6,6,6,12.666666666666666,0,0,6,8,5,11.4,0,12.4,0.5,1.79,Graduate
1,1,2,15,1,1,1,1,14,5,8,1,0,0,1,0,1,19,0,0,6,7,6,13.857142857142858,0,0,6,7,6,13.142857142857142,0,13.9,-0.3,0.79,Dropout
1,1,1,15,1,1,1,23,28,10,10,1,0,0,1,0,1,18,0,0,6,6,6,13.333333333333334,0,0,6,6,6,13.333333333333334,0,9.4,-0.8,-3.12,Graduate
1,1,1,10,1,1,1,10,28,5,10,1,0,0,1,0,0,19,0,0,6,11,5,10.6,0,0,6,10,6,11.714285714285714,0,11.1,0.6,2.02,Dropout
1,1,1,14,1,1,1,1,1,6,5,1,0,0,1,0,1,20,0,0,6,9,5,13.0,0,0,6,6,5,13.8,0,12.4,0.5,1.79,Graduate
1,8,1,6,1,1,1,2,14,3,5,1,0,0,1,0,1,20,0,0,6,6,6,14.833333333333334,0,0,6,8,6,12.142857142857142,0,8.9,1.4,3.51,Graduate
1,8,2,14,1,1,1,13,14,6,5,0,0,0,1,0,1,19,0,0,6,7,5,11.2,0,0,6,10,5,13.125,0,10.8,1.4,1.74,Dropout
1,1,1,14,1,1,1,10,1,10,10,1,0,0,1,0,1,18,0,0,6,8,5,13.5,0,0,6,6,6,14.5,0,12.4,0.5,1.79,Graduate
1,8,1,10,1,1,1,13,14,8,8,1,0,0,1,0,1,18,0,0,6,9,6,11.333333333333334,0,0,6,9,6,11.833333333333334,0,8.9,1.4,3.51,Graduate
1,8,2,11,1,1,1,22,27,10,8,1,0,0,1,0,1,20,0,0,6,10,4,11.6,0,0,6,10,4,11.75,0,12.7,3.7,-1.7,Graduate
1,8,1,15,1,1,1,22,27,10,10,0,0,0,1,0,0,18,0,0,6,7,6,12.857142857142858,0,0,6,6,6,13.333333333333334,0,13.9,-0.3,0.79,Graduate
1,1,1,10,1,1,1,13,14,7,7,1,0,0,1,0,0,20,0,0,6,6,6,11.5,0,0,6,7,6,13.285714285714286,0,11.1,0.6,2.02,Graduate
1,1,1,11,1,1,1,13,14,6,6,1,0,0,1,0,0,21,0,0,6,8,5,11.6,0,0,6,6,5,13.0,0,12.4,0.5,1.79,Enrolled
1,1,2,15,1,1,1,1,1,5,10,1,0,0,1,1,1,19,0,0,6,7,6,13.666666666666666,0,0,6,6,6,13.833333333333334,0,12.7,3.7,-1.7,Graduate
1,1,1,5,1,1,1,1,10,6,9,1,0,0,1,1,0,19,0,0,6,6,6,11.5,0,0,6,8,6,12.285714285714286,0,8.9,1.4,3.51,Graduate
1,1,1,15,1,1,1,22,28,10,7,1,0,0,1,1,0,18,0,0,6,6,6,13.833333333333334,0,0,6,6,6,13.666666666666666,0,12.7,3.7,-1.7,Graduate
1,1,3,11,1,1,1,1,14,10,10,1,0,0,1,0,0,19,0,0,6,6,6,12.5,0,0,6,6,6,12.166666666666666,0,12.4,0.5,1.79,Graduate
1,1,1,10,1,1,1,22,28,10,4,0,0,0,1,0,0,18,0,0,6,13,4,11.0,0,0,6,12,5,10.833333333333334,0,15.5,2.8,-4.06,Graduate
1,8,1,10,1,1,1,23,28,8,8,1,0,0,1,0,1,18,0,0,6,6,6,11.333333333333334,0,0,6,7,6,12.285714285714286,0,15.5,2.8,-4.06,Graduate
1,1,2,16,1,1,1,1,28,10,9,1,0,0,1,0,1,19,0,0,6,7,6,14.0,0,0,6,6,6,15.0,0,15.5,2.8,-4.06,Graduate
1,1,1,14,1,1,1,1,27,2,11,1,0,0,1,0,0,19,0,0,6,7,6,12.833333333333334,0,0,6,10,6,11.77777777777778,0,8.9,1.4,3.51,Graduate
1,1,1,14,1,1,1,23,28,6,10,1,0,0,1,0,0,20,0,0,6,9,6,13.285714285714286,0,0,6,8,5,13.8,0,15.5,2.8,-4.06,Graduate
1,1,1,10,1,1,1,13,28,4,10,1,0,0,1,0,1,18,0,0,6,6,6,14.0,0,0,6,6,6,13.666666666666666,0,12.4,0.5,1.79,Graduate
1,8,2,10,1,1,1,22,27,10,5,0,0,0,1,0,1,19,0,0,6,7,6,14.142857142857142,0,0,6,6,6,15.0,0,13.9,-0.3,0.79,Graduate
1,1,3,15,1,1,1,3,1,3,4,1,0,0,1,0,0,18,0,0,6,7,6,14.857142857142858,0,0,6,6,6,14.666666666666666,0,13.9,-0.3,0.79,Graduate
1,1,1,15,1,1,1,13,27,10,10,0,0,0,1,0,1,19,0,0,6,7,6,14.285714285714286,0,0,6,6,6,13.166666666666666,0,11.1,0.6,2.02,Graduate
1,8,1,8,1,1,1,3,2,4,7,1,0,0,1,0,0,18,0,0,6,8,6,15.0,0,0,6,8,5,15.166666666666666,0,13.9,-0.3,0.79,Dropout
1,1,2,10,1,1,1,23,1,8,8,1,0,0,1,0,0,21,0,0,6,8,5,12.4,0,0,6,6,6,12.0,0,12.4,0.5,1.79,Graduate
1,8,1,15,1,1,1,23,28,10,6,0,0,0,1,0,0,21,0,0,6,8,5,11.8,0,0,6,8,5,11.833333333333334,0,15.5,2.8,-4.06,Enrolled
1,7,1,5,1,1,1,1,1,4,4,1,0,0,1,0,0,18,0,0,6,6,1,15.0,0,0,6,7,4,12.5,0,9.4,-0.8,-3.12,Enrolled
1,1,1,15,1,1,1,22,27,10,10,1,0,0,1,0,0,18,0,0,6,6,6,13.333333333333334,0,0,6,9,5,13.2,0,9.4,-0.8,-3.12,Graduate
1,8,1,4,1,1,1,13,1,10,3,1,0,0,1,0,1,19,0,0,6,7,6,15.0,0,0,6,8,6,14.333333333333334,0,12.4,0.5,1.79,Graduate
1,8,1,16,1,1,1,23,27,6,6,1,0,0,1,0,0,18,0,0,6,9,5,11.0,0,0,6,9,4,11.25,0,10.8,1.4,1.74,Dropout
1,1,1,10,1,1,1,1,14,5,5,0,0,0,1,0,0,19,0,0,6,7,6,12.285714285714286,0,0,6,7,6,12.0,0,12.4,0.5,1.79,Graduate
1,1,1,5,1,1,1,13,1,6,8,1,0,0,1,0,0,18,0,0,6,6,6,12.666666666666666,0,0,6,8,6,13.25,0,10.8,1.4,1.74,Graduate
1,1,1,10,1,1,1,1,27,6,8,0,0,0,1,0,1,19,0,0,6,8,6,12.25,0,0,6,8,6,12.0,0,16.2,0.3,-0.92,Graduate
1,8,1,10,1,1,1,1,1,10,10,1,0,0,1,0,0,21,0,0,6,8,6,12.166666666666666,0,0,6,7,6,13.285714285714286,0,11.1,0.6,2.02,Graduate
1,1,1,5,1,1,1,22,27,10,7,0,0,0,1,0,1,19,0,0,6,7,5,13.4,0,0,6,6,6,12.833333333333334,0,15.5,2.8,-4.06,Graduate
1,1,1,10,1,1,1,23,27,6,6,0,0,0,1,0,1,20,0,0,6,8,6,12.125,0,0,6,7,6,14.428571428571429,0,16.2,0.3,-0.92,Graduate
1,1,2,16,1,1,1,3,1,4,6,0,0,0,1,0,0,21,0,0,6,8,5,13.2,0,0,6,9,5,14.333333333333334,0,9.4,-0.8,-3.12,Graduate
1,1,2,15,1,1,1,1,1,4,4,1,0,0,1,0,0,18,0,0,6,6,6,14.833333333333334,0,0,6,6,6,15.333333333333334,0,12.7,3.7,-1.7,Graduate
1,1,3,15,1,1,1,23,27,6,6,1,0,0,1,0,0,19,0,0,6,8,6,12.666666666666666,0,0,6,7,6,12.714285714285714,0,9.4,-0.8,-3.12,Graduate
1,8,1,10,1,1,1,13,14,6,5,0,0,0,1,0,1,18,0,0,6,8,5,10.8,0,0,6,9,6,10.5,0,12.4,0.5,1.79,Graduate
1,1,2,15,1,1,1,23,14,5,8,1,0,0,1,1,1,19,0,0,6,8,4,12.0,0,0,6,8,6,12.285714285714286,0,15.5,2.8,-4.06,Enrolled
1,8,2,11,1,1,1,13,28,7,7,1,0,0,1,1,0,19,0,0,6,8,5,11.2,0,0,6,11,4,12.5,0,15.5,2.8,-4.06,Graduate
1,3,2,5,1,1,1,1,1,5,11,1,0,0,1,1,0,18,0,0,6,7,5,13.2,0,0,6,6,5,11.8,0,16.2,0.3,-0.92,Graduate
1,1,1,5,1,1,1,22,27,10,10,1,0,0,1,1,0,19,0,0,6,6,6,13.5,0,0,6,6,6,13.166666666666666,0,9.4,-0.8,-3.12,Graduate
1,1,1,5,1,1,1,22,1,10,9,1,0,0,1,1,0,22,0,0,6,9,6,14.666666666666666,0,0,6,12,6,14.666666666666666,0,12.7,3.7,-1.7,Graduate
1,1,1,14,1,1,1,3,3,4,4,1,0,0,1,1,0,19,0,0,6,9,5,13.333333333333334,0,0,6,6,5,13.0,0,12.4,0.5,1.79,Graduate
1,8,2,11,1,1,1,13,14,6,8,0,0,0,1,1,1,18,0,0,6,12,3,10.666666666666666,0,0,6,9,4,12.0,0,15.5,2.8,-4.06,Enrolled
1,1,2,14,1,1,1,1,14,5,5,0,0,0,1,1,1,19,0,0,6,10,6,13.125,0,0,6,9,6,12.714285714285714,0,11.1,0.6,2.02,Enrolled
1,8,2,5,1,1,1,22,28,10,11,1,0,0,1,1,1,23,0,0,6,8,6,13.333333333333334,0,0,6,7,5,12.8,0,9.4,-0.8,-3.12,Graduate
1,16,1,15,1,1,1,1,32,6,4,1,0,0,1,1,0,23,0,0,6,7,6,13.333333333333334,0,0,6,6,4,12.75,0,11.1,0.6,2.02,Graduate
1,8,1,11,1,1,1,1,1,4,4,0,0,0,1,1,1,22,0,0,6,8,6,13.625,0,0,6,8,6,14.428571428571429,0,11.1,0.6,2.02,Graduate
1,1,1,10,1,1,1,22,27,6,11,0,0,0,1,1,0,19,0,0,6,9,5,10.8,0,0,6,11,5,11.0,0,7.6,2.6,0.32,Graduate
1,1,1,15,1,1,1,13,27,10,10,0,0,0,1,1,0,19,0,0,6,8,6,12.833333333333334,0,0,6,8,6,13.333333333333334,0,15.5,2.8,-4.06,Graduate
1,8,3,14,1,1,1,1,28,5,8,0,0,0,1,1,0,19,0,0,6,8,6,15.125,0,0,6,7,6,13.428571428571429,0,11.1,0.6,2.02,Graduate
1,1,1,10,1,1,1,4,5,3,3,0,0,0,1,1,0,22,0,0,6,10,5,11.4,0,0,6,8,5,11.0,0,10.8,1.4,1.74,Graduate
1,1,1,10,1,1,1,1,1,5,5,0,0,0,1,1,0,19,0,0,6,12,4,12.25,0,0,6,9,6,11.0,0,9.4,-0.8,-3.12,Graduate
1,1,3,5,1,1,1,22,27,10,10,1,0,0,1,1,1,22,0,0,6,6,6,11.666666666666666,0,0,6,6,6,12.166666666666666,0,7.6,2.6,0.32,Enrolled
1,1,1,10,1,1,1,13,28,10,10,0,0,0,1,1,1,19,0,0,6,7,6,13.857142857142858,0,0,6,6,6,14.0,0,13.9,-0.3,0.79,Graduate
1,1,1,10,1,1,1,1,1,4,5,0,0,0,1,1,0,19,0,0,6,7,6,12.166666666666666,0,0,6,6,6,12.166666666666666,0,12.4,0.5,1.79,Graduate
1,8,1,11,1,1,1,1,1,5,9,0,0,0,1,1,0,20,0,0,6,7,6,13.714285714285714,0,0,6,8,6,14.714285714285714,0,16.2,0.3,-0.92,Graduate
1,9,1,10,1,1,1,1,3,10,3,1,0,0,1,1,0,21,0,0,6,9,6,10.166666666666666,0,0,6,10,6,10.5,0,12.7,3.7,-1.7,Graduate
1,1,1,14,1,1,1,23,27,10,10,0,0,0,1,1,1,18,0,0,6,7,6,13.571428571428571,0,0,6,6,6,14.333333333333334,0,12.4,0.5,1.79,Graduate
1,8,1,14,1,1,1,22,27,10,10,1,0,0,1,1,1,21,0,0,6,8,4,14.75,0,0,6,6,5,11.8,0,12.7,3.7,-1.7,Graduate
1,9,1,15,1,1,1,1,1,5,8,1,0,0,1,1,0,19,0,0,6,6,6,13.833333333333334,0,0,6,6,6,14.5,0,8.9,1.4,3.51,Graduate
1,8,1,8,1,1,1,10,10,3,9,1,0,0,1,1,0,18,0,0,6,7,6,14.0,0,0,6,8,6,13.666666666666666,0,12.4,0.5,1.79,Graduate
1,15,1,4,1,1,1,1,1,5,6,0,0,0,1,1,0,20,0,0,6,11,6,11.285714285714286,0,0,6,12,5,11.77777777777778,0,16.2,0.3,-0.92,Enrolled
1,1,2,14,1,1,1,3,1,4,6,1,0,0,1,1,0,20,0,0,6,10,5,14.0,0,0,6,10,6,12.0,0,11.1,0.6,2.02,Enrolled
1,1,1,8,1,1,1,2,27,10,8,1,0,0,1,1,1,18,0,0,6,7,6,13.5,0,0,6,8,6,12.5,0,12.4,0.5,1.79,Graduate
1,8,1,11,1,1,1,1,14,5,8,0,0,0,1,1,1,19,0,0,6,8,5,12.666666666666666,0,0,6,10,6,12.857142857142858,0,16.2,0.3,-0.92,Graduate
1,1,3,5,1,1,1,13,28,6,8,1,0,0,1,1,1,19,0,0,6,6,6,15.166666666666666,0,0,6,6,6,12.333333333333334,0,12.4,0.5,1.79,Graduate
1,1,2,15,1,1,1,3,1,5,5,1,0,0,1,1,0,19,0,0,6,9,5,11.4,0,0,6,13,5,12.4,0,8.9,1.4,3.51,Enrolled
1,8,2,15,1,1,1,3,14,3,4,1,0,0,1,1,0,19,0,0,6,7,6,14.428571428571429,0,0,6,7,6,14.571428571428571,0,13.9,-0.3,0.79,Graduate
1,1,1,15,1,1,1,23,28,7,4,0,0,0,1,1,1,18,0,0,6,12,4,11.5,0,0,6,10,5,12.6,0,10.8,1.4,1.74,Graduate
1,1,3,15,1,1,1,23,28,10,8,1,0,0,1,1,1,18,0,0,6,6,6,12.5,0,0,6,7,6,12.666666666666666,0,10.8,1.4,1.74,Dropout
1,1,1,15,1,1,1,3,14,3,6,0,0,0,1,1,0,20,0,0,6,6,6,14.333333333333334,0,0,6,7,6,15.0,0,15.5,2.8,-4.06,Graduate
1,1,1,11,1,1,1,13,28,10,10,1,0,0,1,1,0,23,0,0,6,8,6,12.666666666666666,0,0,6,10,5,12.2,0,7.6,2.6,0.32,Enrolled
1,1,2,11,1,1,1,1,28,3,9,1,0,0,1,1,1,20,0,0,6,7,6,14.714285714285714,0,0,6,6,6,12.5,0,8.9,1.4,3.51,Graduate
1,8,2,15,1,1,1,1,1,5,5,1,0,0,1,1,0,20,0,0,6,11,3,13.666666666666666,0,0,6,13,4,10.25,0,9.4,-0.8,-3.12,Enrolled
1,1,1,14,1,1,1,1,3,5,4,1,0,0,1,0,0,19,0,0,6,6,6,13.333333333333334,0,0,6,8,5,12.8,0,8.9,1.4,3.51,Dropout
1,8,1,5,1,1,1,1,1,2,6,0,0,0,1,0,1,22,0,0,6,7,6,12.166666666666666,0,0,6,9,4,12.0,0,9.4,-0.8,-3.12,Graduate
1,8,1,11,1,1,1,13,29,6,5,0,0,0,1,0,1,18,0,0,6,8,6,12.666666666666666,0,0,6,6,6,13.0,0,13.9,-0.3,0.79,Graduate
1,1,3,15,1,1,1,23,28,6,6,1,0,0,1,0,1,18,0,0,6,7,6,12.285714285714286,0,0,6,6,6,13.5,0,8.9,1.4,3.51,Graduate
1,1,2,11,1,1,1,4,3,8,5,1,0,0,1,0,0,18,0,0,6,8,6,12.142857142857142,0,0,6,6,6,11.166666666666666,0,8.9,1.4,3.51,Graduate
1,8,2,15,1,1,1,3,28,3,7,1,0,0,1,0,0,18,0,0,6,6,6,15.166666666666666,0,0,6,7,6,14.285714285714286,0,12.4,0.5,1.79,Graduate
1,1,1,10,1,1,1,23,28,9,8,1,0,0,1,0,1,19,0,0,6,7,6,11.857142857142858,0,0,6,8,6,13.142857142857142,0,12.4,0.5,1.79,Graduate
1,1,1,14,1,1,1,13,14,8,8,0,0,0,1,0,0,19,0,0,6,7,6,14.714285714285714,0,0,6,6,6,15.833333333333334,0,12.4,0.5,1.79,Graduate
1,1,3,15,1,1,1,3,1,3,9,1,0,0,1,0,0,18,0,0,6,6,6,16.0,0,0,6,7,6,14.333333333333334,0,12.4,0.5,1.79,Graduate
1,1,1,10,1,1,1,13,14,10,6,1,0,0,1,0,0,20,0,0,6,6,6,13.833333333333334,0,0,6,6,6,11.833333333333334,0,10.8,1.4,1.74,Graduate
1,1,2,15,1,1,1,13,14,10,10,1,0,0,1,1,1,18,0,0,6,6,6,14.0,0,0,6,6,6,14.166666666666666,0,9.4,-0.8,-3.12,Graduate
1,8,3,5,1,1,1,3,3,5,5,1,0,0,1,0,1,20,0,0,6,6,6,12.5,0,0,6,6,6,14.333333333333334,0,12.7,3.7,-1.7,Enrolled
1,1,1,15,1,1,1,13,1,6,11,1,0,0,1,0,0,18,0,0,6,6,6,14.0,0,0,6,6,6,13.5,0,11.1,0.6,2.02,Dropout
1,1,2,15,1,1,1,13,1,4,10,1,0,0,1,0,1,18,0,0,6,6,6,13.666666666666666,0,0,6,6,6,14.666666666666666,0,16.2,0.3,-0.92,Graduate
1,7,3,15,1,1,1,22,28,5,10,1,0,0,1,0,1,20,0,0,6,6,6,15.0,0,0,6,6,6,13.0,0,11.1,0.6,2.02,Graduate
1,1,1,10,1,1,1,22,27,10,10,0,0,0,1,0,0,18,0,0,6,6,6,13.0,0,0,6,6,6,12.833333333333334,0,10.8,1.4,1.74,Graduate
1,1,1,10,1,1,1,13,27,5,8,1,0,0,1,0,1,18,0,0,6,6,6,13.666666666666666,0,0,6,6,6,13.0,0,10.8,1.4,1.74,Graduate
1,1,1,16,1,1,1,13,10,10,5,1,0,0,1,0,0,19,0,0,6,6,6,14.166666666666666,0,0,6,7,6,13.666666666666666,0,7.6,2.6,0.32,Graduate
1,8,1,5,1,1,1,13,27,6,10,0,0,0,1,0,1,18,0,0,6,6,6,12.666666666666666,0,0,6,6,6,12.166666666666666,0,16.2,0.3,-0.92,Graduate
1,8,3,16,1,1,1,23,28,8,8,1,0,0,1,0,0,18,0,0,6,8,5,13.4,0,0,6,7,5,12.0,0,7.6,2.6,0.32,Enrolled
1,1,3,10,1,1,1,23,14,6,9,1,0,0,1,0,0,19,0,0,6,7,6,12.285714285714286,0,0,6,7,6,12.833333333333334,0,12.4,0.5,1.79,Graduate
1,1,1,15,1,1,1,22,1,10,8,1,0,0,1,0,0,18,0,0,6,8,5,13.0,0,0,6,7,6,13.142857142857142,0,15.5,2.8,-4.06,Dropout
1,8,2,15,1,1,1,1,1,6,6,1,0,0,1,1,0,20,0,0,6,12,4,14.75,0,0,6,7,4,12.25,0,9.4,-0.8,-3.12,Graduate
1,8,1,11,1,1,1,1,14,6,5,0,0,0,1,0,1,19,0,0,6,7,5,11.0,0,0,6,7,5,12.8,0,12.4,0.5,1.79,Graduate
1,8,2,16,1,1,1,23,14,6,6,1,0,0,1,0,1,19,0,0,6,8,6,12.333333333333334,0,0,6,7,5,12.4,0,10.8,1.4,1.74,Dropout
1,1,1,5,1,1,1,1,27,10,10,1,0,0,1,0,1,20,0,0,6,6,6,12.0,0,0,6,6,6,11.833333333333334,0,12.4,0.5,1.79,Graduate
1,1,1,14,1,1,1,1,14,8,6,1,0,0,1,1,0,20,0,0,6,10,6,12.714285714285714,0,0,6,8,4,13.0,0,12.4,0.5,1.79,Enrolled
1,1,1,15,1,1,1,23,28,10,10,1,0,0,1,1,1,20,0,0,6,8,6,12.0,0,0,6,8,6,11.5,0,13.9,-0.3,0.79,Graduate
1,1,1,14,1,1,1,3,14,5,6,0,0,0,1,1,1,19,0,0,6,7,6,13.142857142857142,0,0,6,8,6,14.166666666666666,0,15.5,2.8,-4.06,Graduate
1,8,2,16,1,1,1,1,14,10,10,1,0,0,1,1,1,20,0,0,6,6,6,12.0,0,0,6,7,6,12.5,0,7.6,2.6,0.32,Enrolled
1,1,1,11,1,1,1,22,27,4,4,0,0,0,1,1,1,19,0,0,6,7,6,11.0,0,0,6,6,5,12.2,0,11.1,0.6,2.02,Dropout
1,8,1,14,1,1,1,13,27,6,6,1,0,0,1,1,1,19,0,0,6,7,4,13.75,0,0,6,10,6,11.555555555555555,0,10.8,1.4,1.74,Graduate
1,1,1,4,1,1,1,23,1,10,5,0,0,0,1,1,0,18,0,0,6,7,6,16.0,0,0,6,6,6,15.166666666666666,0,12.4,0.5,1.79,Graduate
1,1,2,15,1,1,1,1,1,5,4,0,0,0,1,1,1,18,0,0,6,6,6,12.666666666666666,0,0,6,6,6,11.5,0,16.2,0.3,-0.92,Graduate
1,3,3,5,1,1,1,3,1,10,7,1,0,0,1,0,0,18,0,0,6,6,6,12.666666666666666,0,0,6,8,6,14.125,0,10.8,1.4,1.74,Graduate
1,8,1,11,1,1,1,23,27,10,7,1,0,0,1,0,0,22,0,0,6,7,5,14.0,0,0,6,6,6,15.666666666666666,0,11.1,0.6,2.02,Graduate
1,14,1,8,1,1,1,3,3,4,5,1,0,0,1,0,0,21,0,0,6,10,6,12.0,0,0,6,12,5,12.8,0,13.9,-0.3,0.79,Graduate
1,1,2,6,1,1,1,1,28,10,9,1,0,0,1,0,1,18,0,0,6,7,6,13.833333333333334,0,0,6,10,6,13.714285714285714,0,8.9,1.4,3.51,Graduate
1,1,1,10,1,1,1,4,1,6,6,0,0,0,1,0,0,18,0,0,6,7,6,13.833333333333334,0,0,6,7,6,13.714285714285714,0,11.1,0.6,2.02,Graduate
1,1,1,10,1,1,1,2,10,4,11,1,0,0,1,0,0,20,0,0,6,6,6,12.166666666666666,0,0,6,7,6,12.142857142857142,0,11.1,0.6,2.02,Graduate
1,1,2,5,1,1,1,13,28,10,10,1,0,0,1,0,1,19,0,0,6,6,6,14.166666666666666,0,0,6,8,6,12.375,0,10.8,1.4,1.74,Graduate
1,1,1,10,1,1,1,22,27,5,5,0,0,0,1,0,0,21,0,0,6,7,6,13.333333333333334,0,0,6,6,6,14.5,0,10.8,1.4,1.74,Graduate
1,1,1,10,1,1,1,1,1,4,4,1,0,0,1,0,1,20,0,0,6,7,6,13.666666666666666,0,0,6,7,6,14.571428571428571,0,11.1,0.6,2.02,Graduate
1,1,2,16,1,1,1,22,14,10,9,1,0,0,1,0,0,21,0,0,6,7,6,13.428571428571429,0,0,6,8,6,13.142857142857142,0,7.6,2.6,0.32,Graduate
1,14,2,14,1,1,1,3,3,6,6,1,0,0,1,0,0,19,0,0,5,5,4,13.75,0,0,6,9,5,12.6,0,12.7,3.7,-1.7,Enrolled
1,1,2,10,1,1,1,13,14,5,8,1,0,0,1,0,1,21,0,0,6,9,5,12.333333333333334,0,0,6,7,5,11.8,0,13.9,-0.3,0.79,Graduate
1,1,1,10,1,1,1,22,27,10,8,1,0,0,1,0,0,20,0,0,6,7,5,13.2,0,0,6,6,6,12.666666666666666,0,10.8,1.4,1.74,Enrolled
1,1,1,6,1,1,1,23,14,10,4,0,0,0,1,1,0,19,0,0,6,7,6,14.857142857142858,0,0,6,8,6,14.142857142857142,0,11.1,0.6,2.02,Graduate
1,1,2,14,1,1,1,1,28,8,8,1,0,0,1,1,0,19,0,0,6,6,6,13.333333333333334,0,0,6,8,5,14.0,0,8.9,1.4,3.51,Graduate
1,1,1,11,1,1,1,3,14,4,9,1,0,0,1,0,0,18,0,0,6,6,6,15.5,0,0,6,6,6,16.0,0,12.4,0.5,1.79,Graduate
1,1,1,15,1,1,1,13,27,5,8,0,0,0,1,0,1,19,0,0,6,7,6,14.714285714285714,0,0,6,6,6,15.166666666666666,0,13.9,-0.3,0.79,Graduate
1,1,1,10,1,1,1,13,14,10,10,1,0,0,1,0,1,19,0,0,6,9,6,10.857142857142858,0,0,6,7,6,11.666666666666666,0,12.4,0.5,1.79,Graduate
1,1,1,14,1,1,1,10,10,6,8,1,0,0,1,0,0,18,0,0,6,8,6,14.625,0,0,6,9,6,14.142857142857142,0,11.1,0.6,2.02,Enrolled
1,1,1,15,1,1,1,1,28,10,10,0,0,0,1,0,1,18,0,0,6,6,6,12.166666666666666,0,0,6,8,6,12.666666666666666,0,12.4,0.5,1.79,Graduate
1,1,1,16,1,1,1,23,27,10,10,0,0,0,1,0,1,19,0,0,6,6,6,12.5,0,0,6,6,6,12.833333333333334,0,12.7,3.7,-1.7,Graduate
1,8,1,10,1,1,1,22,28,10,6,0,0,0,1,0,1,19,0,0,6,11,5,11.6,0,0,6,10,6,11.714285714285714,0,15.5,2.8,-4.06,Graduate
1,8,1,14,1,1,1,1,1,5,5,1,0,0,1,0,1,19,0,0,6,7,6,13.285714285714286,0,0,6,9,5,14.6,0,12.4,0.5,1.79,Enrolled
1,8,1,8,1,1,1,13,14,5,5,1,0,0,1,0,0,19,0,0,6,8,6,11.333333333333334,0,0,6,12,4,13.75,0,8.9,1.4,3.51,Dropout
1,1,2,14,1,1,1,1,14,5,8,1,0,0,1,0,1,19,0,0,6,6,6,13.333333333333334,0,0,6,10,5,13.4,0,8.9,1.4,3.51,Graduate
1,1,2,5,1,1,1,3,4,3,3,1,0,0,1,0,0,18,0,0,6,6,6,12.333333333333334,0,0,6,6,6,12.833333333333334,0,7.6,2.6,0.32,Enrolled
1,1,1,15,1,1,1,1,3,4,4,1,0,0,1,0,0,19,0,0,6,6,6,15.0,0,0,6,6,6,13.333333333333334,0,11.1,0.6,2.02,Graduate
1,1,2,14,1,1,1,2,1,5,5,1,0,0,1,0,0,19,0,0,6,7,5,13.4,0,0,6,6,5,12.8,0,12.7,3.7,-1.7,Graduate
1,8,2,15,1,1,1,1,1,6,6,1,0,0,1,0,1,22,0,0,6,11,5,12.0,0,0,6,11,5,11.0,0,7.6,2.6,0.32,Dropout
1,1,1,16,1,1,1,13,27,10,10,0,0,0,1,0,1,18,0,0,6,8,6,13.142857142857142,0,0,6,6,6,12.833333333333334,0,15.5,2.8,-4.06,Graduate
1,8,1,10,1,1,1,22,27,10,8,0,0,0,1,0,1,19,0,0,6,8,6,13.75,0,0,6,7,6,11.857142857142858,0,16.2,0.3,-0.92,Graduate
1,1,2,14,1,1,1,1,14,5,8,1,0,0,1,0,1,18,0,0,6,6,6,13.166666666666666,0,0,6,8,6,12.428571428571429,0,8.9,1.4,3.51,Graduate
1,8,1,10,1,1,1,1,1,4,4,1,0,0,1,0,1,18,0,0,6,6,6,14.0,0,0,6,6,6,13.5,0,8.9,1.4,3.51,Graduate
1,8,1,15,1,1,1,3,1,3,4,1,0,0,1,0,0,19,0,0,6,7,6,12.5,0,0,6,7,6,12.5,0,10.8,1.4,1.74,Graduate
1,1,2,10,1,1,1,14,21,1,9,1,0,0,1,0,0,19,0,0,6,8,6,14.375,0,0,6,8,6,14.75,0,7.6,2.6,0.32,Graduate
1,1,1,15,1,1,1,22,27,10,8,0,0,0,1,0,1,18,0,0,6,6,6,14.5,0,0,6,6,6,14.666666666666666,0,16.2,0.3,-0.92,Graduate
1,1,3,6,1,1,1,1,1,5,9,1,0,0,1,0,0,18,0,0,6,7,6,14.666666666666666,0,0,6,12,6,13.833333333333334,0,8.9,1.4,3.51,Graduate
1,1,1,14,1,1,1,1,1,10,2,1,0,0,1,0,1,20,0,0,6,8,4,11.75,0,0,6,10,6,12.666666666666666,0,10.8,1.4,1.74,Graduate
1,1,2,11,1,1,1,1,14,10,10,1,0,0,1,0,1,19,0,0,6,8,6,13.0,0,0,6,6,6,12.166666666666666,0,8.9,1.4,3.51,Graduate
1,1,3,5,1,1,1,5,3,6,8,1,0,0,1,0,0,21,0,0,6,6,6,14.5,0,0,6,7,5,12.0,0,12.4,0.5,1.79,Graduate
1,1,1,5,1,1,1,13,27,10,10,1,0,0,1,0,1,19,0,0,6,6,6,14.0,0,0,6,8,6,13.125,0,10.8,1.4,1.74,Graduate
1,8,1,5,1,1,1,22,14,10,10,1,0,0,1,0,0,19,0,0,6,6,6,14.333333333333334,0,0,6,6,6,13.5,0,12.7,3.7,-1.7,Graduate
1,14,2,16,1,1,1,13,1,6,5,1,0,0,1,0,0,20,0,0,6,10,4,12.25,0,0,6,8,4,11.5,0,10.8,1.4,1.74,Enrolled
1,1,2,11,1,1,1,23,14,10,8,1,0,0,1,0,0,18,0,0,6,10,4,11.75,0,0,6,9,5,11.2,0,7.6,2.6,0.32,Enrolled
1,1,1,8,1,1,1,13,14,10,10,1,0,0,1,0,1,18,0,0,6,8,6,14.5,0,0,6,11,4,13.0,0,13.9,-0.3,0.79,Graduate
1,8,1,15,1,1,1,1,28,10,9,1,0,0,1,0,0,18,0,0,6,7,6,12.571428571428571,0,0,6,8,6,11.857142857142858,0,13.9,-0.3,0.79,Graduate
1,8,1,10,1,1,1,13,1,1,6,1,0,0,1,0,0,18,0,0,6,9,5,11.833333333333334,0,0,6,7,5,13.8,0,13.9,-0.3,0.79,Graduate
1,1,1,8,1,1,1,3,14,5,9,1,0,0,1,0,0,19,0,0,6,6,6,14.666666666666666,0,0,6,8,6,13.666666666666666,0,12.4,0.5,1.79,Graduate
1,1,3,15,1,1,1,3,1,6,4,1,0,0,1,0,1,19,0,0,6,7,6,14.0,0,0,6,8,5,12.2,0,13.9,-0.3,0.79,Dropout
1,1,1,8,1,1,1,25,14,3,10,1,0,0,1,0,0,18,0,0,6,8,5,14.4,0,0,6,11,4,14.6,0,8.9,1.4,3.51,Dropout
1,8,1,14,1,1,1,1,1,4,4,1,0,0,1,0,1,18,0,0,6,7,6,13.833333333333334,0,0,6,11,6,13.5,0,8.9,1.4,3.51,Graduate
1,8,1,16,1,1,1,23,14,5,11,1,0,0,1,0,0,19,0,0,6,9,4,13.0,0,0,6,9,4,12.25,0,12.7,3.7,-1.7,Dropout
1,3,2,10,1,1,1,25,28,3,10,1,0,0,1,0,0,19,0,0,6,6,6,14.0,0,0,6,6,6,13.333333333333334,0,8.9,1.4,3.51,Graduate
1,1,1,11,1,1,1,10,1,5,5,1,0,0,1,0,0,18,0,0,6,8,6,11.333333333333334,0,0,6,11,6,10.833333333333334,0,7.6,2.6,0.32,Graduate
1,1,1,14,1,1,1,1,1,10,11,1,0,0,1,0,1,20,0,0,6,6,6,14.166666666666666,0,0,6,9,6,13.0,0,8.9,1.4,3.51,Graduate
1,1,1,15,1,1,1,23,14,10,10,1,0,0,1,0,0,18,0,0,6,6,6,12.833333333333334,0,0,6,6,6,13.833333333333334,0,8.9,1.4,3.51,Graduate
1,1,3,15,1,1,1,1,14,10,10,1,0,0,1,0,1,20,0,0,6,6,6,13.0,0,0,6,7,6,13.142857142857142,0,12.4,0.5,1.79,Dropout
1,8,2,16,1,1,1,1,1,4,10,1,0,0,1,0,0,19,0,0,6,8,5,13.0,0,0,6,8,4,10.75,0,9.4,-0.8,-3.12,Graduate
1,7,1,6,1,1,1,22,27,10,10,1,0,0,1,0,1,20,0,0,6,7,6,15.857142857142858,0,0,6,6,6,16.0,0,13.9,-0.3,0.79,Graduate
1,8,1,10,1,1,1,23,28,10,7,0,0,0,1,0,1,19,0,0,6,8,6,14.0,0,0,6,7,6,14.571428571428571,0,16.2,0.3,-0.92,Graduate
1,8,2,15,1,1,1,13,14,10,7,1,0,0,1,0,1,18,0,0,6,6,6,13.666666666666666,0,0,6,6,6,14.0,0,8.9,1.4,3.51,Graduate
1,1,2,15,1,1,1,13,14,6,7,0,0,0,1,0,0,19,0,0,6,6,6,15.0,0,0,6,7,6,14.0,0,15.5,2.8,-4.06,Enrolled
1,8,3,14,1,1,1,13,1,5,5,1,0,0,1,0,1,18,0,0,6,11,4,12.25,0,0,6,10,4,11.0,0,12.7,3.7,-1.7,Dropout
1,8,2,10,1,1,1,23,1,8,8,1,0,0,1,0,1,19,0,0,6,8,5,12.2,0,0,6,7,6,11.5,0,9.4,-0.8,-3.12,Graduate
1,1,3,14,1,1,1,1,14,6,6,1,0,0,1,1,1,20,0,0,6,7,6,11.333333333333334,0,0,6,10,4,10.571428571428571,0,10.8,1.4,1.74,Enrolled
1,1,1,14,1,1,1,4,2,15,17,1,0,0,1,1,0,20,0,0,6,8,5,12.8,0,0,6,10,5,11.6,0,13.9,-0.3,0.79,Enrolled
1,1,1,5,1,1,1,22,14,10,4,1,0,0,1,0,0,20,0,0,6,8,5,12.2,0,0,6,6,6,11.5,0,16.2,0.3,-0.92,Graduate
1,1,1,10,1,1,1,22,27,10,10,1,0,0,1,0,0,19,0,0,6,10,4,10.25,0,0,6,8,6,10.714285714285714,0,11.1,0.6,2.02,Graduate
1,8,1,16,1,1,1,23,28,10,8,1,0,0,1,0,1,20,0,0,6,10,5,13.2,0,0,6,12,5,12.833333333333334,0,9.4,-0.8,-3.12,Enrolled
1,1,1,10,1,1,1,22,27,10,10,1,0,0,1,0,0,19,0,0,6,11,5,11.6,0,0,6,11,6,11.666666666666666,0,7.6,2.6,0.32,Enrolled
1,1,1,14,1,1,1,3,28,3,10,1,0,0,1,0,0,19,0,0,6,7,5,12.6,0,0,6,10,5,12.375,0,10.8,1.4,1.74,Enrolled
1,1,1,15,1,1,1,1,14,10,8,0,0,0,1,0,0,19,0,0,6,6,6,11.666666666666666,0,0,6,6,6,11.5,0,12.7,3.7,-1.7,Graduate
1,1,1,10,1,1,1,13,28,6,9,0,0,0,1,0,1,19,0,0,6,6,6,15.0,0,0,6,6,6,13.333333333333334,0,8.9,1.4,3.51,Graduate
1,8,1,11,1,1,1,13,14,4,11,0,0,0,1,0,0,20,0,0,6,8,5,10.8,0,0,6,9,4,11.5,0,9.4,-0.8,-3.12,Graduate
1,1,1,15,1,1,1,1,28,5,10,0,0,0,1,0,1,18,0,0,6,6,6,12.666666666666666,0,0,6,6,6,12.833333333333334,0,11.1,0.6,2.02,Graduate
1,8,1,10,1,1,1,3,1,4,5,1,0,0,1,0,0,18,0,0,6,8,6,11.75,0,0,6,10,5,12.0,0,12.7,3.7,-1.7,Graduate
1,1,1,8,1,1,1,3,1,3,5,1,0,0,1,0,0,18,0,0,6,11,6,14.444444444444445,0,0,6,6,6,13.333333333333334,0,16.2,0.3,-0.92,Graduate
1,1,1,15,1,1,1,13,14,5,4,0,0,0,1,0,0,19,0,0,6,6,6,13.166666666666666,0,0,6,6,6,15.0,0,16.2,0.3,-0.92,Graduate
1,1,1,16,1,1,1,13,28,3,8,1,0,0,1,0,1,19,0,0,6,9,5,12.2,0,0,6,10,4,11.5,0,7.6,2.6,0.32,Enrolled
1,1,1,10,1,1,1,22,28,10,9,1,0,0,1,0,1,18,0,0,6,8,6,15.5,0,0,6,7,6,14.285714285714286,0,16.2,0.3,-0.92,Graduate
1,1,1,10,1,1,1,3,1,6,6,0,0,0,1,0,1,18,0,0,6,6,6,11.333333333333334,0,0,6,8,6,11.333333333333334,0,15.5,2.8,-4.06,Graduate
1,1,1,14,1,1,1,23,28,10,10,1,0,0,1,1,1,18,0,0,6,6,6,13.0,0,0,6,6,6,13.0,0,13.9,-0.3,0.79,Dropout
1,8,1,5,1,1,1,3,3,4,4,0,0,0,1,1,0,18,0,0,6,6,6,16.0,0,0,6,6,6,13.666666666666666,0,12.4,0.5,1.79,Graduate
1,1,1,6,1,1,1,1,28,6,10,0,0,0,1,1,1,19,0,0,6,9,6,13.833333333333334,0,0,6,12,5,13.666666666666666,0,11.1,0.6,2.02,Graduate
1,1,1,14,1,1,1,13,27,10,10,0,0,0,1,1,0,18,0,0,6,7,4,12.6,0,0,6,6,4,13.0,0,12.4,0.5,1.79,Dropout
1,1,1,15,1,1,1,1,3,5,2,1,0,0,1,1,0,18,0,0,6,7,6,14.166666666666666,0,0,6,6,6,12.833333333333334,0,9.4,-0.8,-3.12,Graduate
1,9,2,5,1,1,1,23,14,6,6,0,0,0,1,1,0,18,0,0,6,8,5,11.0,0,0,6,6,4,10.75,0,9.4,-0.8,-3.12,Graduate
1,1,1,11,1,1,1,3,2,5,6,0,0,0,1,1,1,20,0,0,6,9,6,12.571428571428571,0,0,6,6,6,12.166666666666666,0,8.9,1.4,3.51,Graduate
1,1,1,14,1,1,1,13,28,10,8,1,0,0,1,0,1,20,0,0,6,8,6,15.25,0,0,6,7,6,14.714285714285714,0,11.1,0.6,2.02,Graduate
1,1,2,15,1,1,1,13,28,4,10,1,0,0,1,0,0,18,0,0,6,8,4,12.5,0,0,6,6,5,12.6,0,12.7,3.7,-1.7,Graduate
1,1,1,10,1,1,1,3,1,5,10,0,0,0,1,0,1,18,0,0,6,7,6,13.166666666666666,0,0,6,6,6,12.5,0,12.4,0.5,1.79,Graduate
1,8,1,15,1,1,1,2,3,3,3,1,0,0,1,0,1,18,0,0,6,6,6,14.833333333333334,0,0,6,6,6,13.5,0,11.1,0.6,2.02,Graduate
1,1,3,5,1,1,1,23,27,6,6,1,0,0,1,0,0,18,0,0,6,6,6,14.166666666666666,0,0,6,6,6,14.0,0,16.2,0.3,-0.92,Graduate
1,8,1,10,1,1,1,1,28,10,8,0,0,0,1,0,0,19,0,0,6,10,6,14.25,0,0,6,7,6,14.0,0,16.2,0.3,-0.92,Graduate
1,1,3,15,1,1,1,1,1,4,6,1,0,0,1,0,0,18,0,0,6,6,6,13.666666666666666,0,0,6,7,6,13.0,0,15.5,2.8,-4.06,Graduate
1,1,2,6,1,1,1,25,30,4,8,1,0,0,1,0,0,18,0,0,6,8,6,16.0,0,0,6,10,6,14.625,0,11.1,0.6,2.02,Dropout
1,1,1,11,1,1,1,1,1,10,11,0,0,0,1,1,0,20,0,0,6,8,6,12.857142857142858,0,0,6,9,5,12.4,0,8.9,1.4,3.51,Enrolled
1,1,1,10,1,1,1,1,14,10,10,0,0,0,1,1,1,20,0,0,6,11,5,11.142857142857142,0,0,6,9,6,11.571428571428571,0,16.2,0.3,-0.92,Graduate
1,1,1,15,1,1,1,23,1,6,8,1,0,0,1,1,1,18,0,0,6,7,6,12.714285714285714,0,0,6,8,5,11.833333333333334,0,13.9,-0.3,0.79,Graduate
1,1,1,15,1,1,1,13,1,10,10,1,0,0,1,0,1,18,0,0,6,6,6,13.5,0,0,6,6,6,14.0,0,8.9,1.4,3.51,Graduate
1,8,3,16,1,1,1,19,24,1,1,1,0,0,1,0,0,21,0,0,6,8,5,11.8,0,0,6,8,4,10.5,0,7.6,2.6,0.32,Dropout
1,8,2,11,1,1,1,1,14,10,10,1,0,0,1,0,1,18,0,0,6,6,6,12.833333333333334,0,0,6,7,6,12.333333333333334,0,13.9,-0.3,0.79,Graduate
1,1,1,10,1,1,1,13,28,10,8,1,0,0,1,0,1,22,0,0,6,6,6,12.166666666666666,0,0,6,6,6,12.5,0,12.4,0.5,1.79,Graduate
1,8,1,6,1,1,1,13,27,10,10,1,0,0,1,0,1,21,0,0,6,6,6,14.5,0,0,6,8,6,14.666666666666666,0,8.9,1.4,3.51,Graduate
1,8,1,10,1,1,1,22,28,10,9,1,0,0,1,0,1,18,0,0,6,6,6,15.166666666666666,0,0,6,7,6,14.142857142857142,0,11.1,0.6,2.02,Graduate
1,1,1,10,1,1,1,13,28,8,8,0,0,0,1,0,1,19,0,0,6,9,5,10.8,0,0,6,8,6,10.714285714285714,0,15.5,2.8,-4.06,Graduate
1,1,1,5,1,1,1,1,1,10,10,0,0,0,1,0,1,21,0,0,6,7,5,13.0,0,0,6,6,6,12.666666666666666,0,16.2,0.3,-0.92,Graduate
1,8,1,5,1,1,1,23,14,6,6,0,0,0,1,0,1,21,0,0,6,6,6,11.5,0,0,6,6,6,12.333333333333334,0,9.4,-0.8,-3.12,Graduate
1,1,1,14,1,1,1,22,14,8,8,0,0,0,1,0,0,20,0,0,6,9,6,13.571428571428571,0,0,6,10,5,13.6,0,15.5,2.8,-4.06,Enrolled
1,1,1,15,1,1,1,13,28,10,6,0,0,0,1,0,0,18,0,0,6,6,5,13.0,0,0,6,6,6,13.666666666666666,0,12.7,3.7,-1.7,Graduate
1,7,3,16,1,1,1,13,27,10,10,1,0,0,1,0,0,19,0,0,6,8,5,12.2,0,0,6,8,5,11.8,0,10.8,1.4,1.74,Enrolled
1,3,1,14,1,1,1,1,10,5,5,1,0,0,1,0,0,19,0,0,6,7,6,13.428571428571429,0,0,6,6,4,14.0,0,12.4,0.5,1.79,Enrolled
1,1,1,15,1,1,1,3,3,3,6,0,0,0,1,0,0,19,0,0,6,6,6,12.166666666666666,0,0,6,6,6,12.5,0,16.2,0.3,-0.92,Enrolled
1,8,1,10,1,1,1,13,28,5,10,1,0,0,1,0,1,20,0,0,6,6,6,13.333333333333334,0,0,6,7,6,14.0,0,15.5,2.8,-4.06,Graduate
1,1,1,10,1,1,1,13,1,5,4,1,0,0,1,0,0,20,0,0,6,7,6,11.666666666666666,0,0,6,10,6,11.333333333333334,0,7.6,2.6,0.32,Graduate
1,1,1,15,1,1,1,23,28,10,8,1,0,0,1,0,1,19,0,0,6,6,6,14.833333333333334,0,0,6,6,6,14.666666666666666,0,12.7,3.7,-1.7,Graduate
1,1,1,15,1,1,1,1,28,9,9,1,0,0,1,0,1,18,0,0,6,6,6,13.833333333333334,0,0,6,6,6,14.0,0,11.1,0.6,2.02,Dropout
1,1,2,5,1,1,1,1,1,5,8,1,0,0,1,0,0,19,0,0,6,6,6,11.833333333333334,0,0,6,7,6,13.0,0,9.4,-0.8,-3.12,Graduate
1,1,1,15,1,1,1,1,28,5,8,0,0,0,1,0,1,18,0,0,6,7,6,13.428571428571429,0,0,6,10,6,13.5,0,13.9,-0.3,0.79,Graduate
1,1,1,14,1,1,1,23,14,5,9,0,0,0,1,0,0,19,0,0,6,8,3,11.666666666666666,0,0,6,11,5,13.625,0,10.8,1.4,1.74,Enrolled
1,1,2,15,1,1,1,1,14,10,10,0,0,0,1,0,0,18,0,0,6,6,6,13.833333333333334,0,0,6,6,6,12.666666666666666,0,10.8,1.4,1.74,Graduate
1,7,1,6,1,1,1,3,3,3,2,1,0,0,1,0,0,19,0,0,6,7,6,15.714285714285714,0,0,6,6,6,14.666666666666666,0,13.9,-0.3,0.79,Dropout
1,1,1,15,1,1,1,13,27,10,7,1,0,0,1,0,1,19,0,0,6,6,6,13.0,0,0,6,7,6,13.0,0,10.8,1.4,1.74,Graduate
1,1,1,10,1,1,1,13,1,7,6,1,0,0,1,0,0,19,0,0,6,7,6,13.714285714285714,0,0,6,6,6,13.166666666666666,0,12.7,3.7,-1.7,Graduate
1,8,1,10,1,1,1,4,3,2,2,0,0,0,1,0,0,18,0,0,6,9,5,11.571428571428571,0,0,6,8,6,12.142857142857142,0,16.2,0.3,-0.92,Graduate
1,1,1,16,1,1,1,1,27,10,10,1,0,0,1,0,0,19,0,0,6,11,3,10.333333333333334,0,0,6,10,5,11.8,0,9.4,-0.8,-3.12,Enrolled
1,8,3,5,1,1,1,3,1,5,5,1,0,0,1,0,0,19,0,0,6,6,6,13.5,0,0,6,7,6,13.428571428571429,0,8.9,1.4,3.51,Graduate
1,1,1,11,1,1,1,23,27,10,8,0,0,0,1,1,1,19,0,0,6,6,6,13.0,0,0,6,6,6,13.166666666666666,0,12.4,0.5,1.79,Graduate
1,1,1,10,1,1,1,1,1,4,4,0,0,0,1,1,0,20,0,0,6,9,5,11.0,0,0,6,9,5,12.166666666666666,0,11.1,0.6,2.02,Graduate
1,1,1,4,1,1,1,23,14,10,8,0,0,0,1,1,0,19,0,0,6,8,6,15.5,0,0,6,10,6,14.1,0,16.2,0.3,-0.92,Graduate
1,1,2,15,1,1,1,23,28,6,8,1,0,0,1,1,1,18,0,0,6,8,6,12.666666666666666,0,0,6,6,6,13.5,0,12.7,3.7,-1.7,Graduate
1,1,1,14,1,1,1,1,1,6,10,0,0,0,1,1,1,18,0,0,6,8,6,12.166666666666666,0,0,6,7,5,13.0,0,13.9,-0.3,0.79,Graduate
1,1,1,14,1,1,1,1,1,10,9,1,0,0,1,1,1,17,0,0,6,8,6,14.875,0,0,6,8,6,13.428571428571429,0,11.1,0.6,2.02,Graduate
1,1,3,14,1,1,1,3,1,3,4,1,0,0,1,1,0,19,0,0,6,6,6,13.333333333333334,0,0,6,9,5,13.8,0,8.9,1.4,3.51,Graduate
1,1,1,11,1,1,1,1,28,10,10,1,0,0,1,1,1,20,0,0,6,7,6,13.571428571428571,0,0,6,8,6,13.166666666666666,0,8.9,1.4,3.51,Graduate
1,1,1,8,1,1,1,4,3,4,4,0,0,0,1,1,0,18,0,0,6,7,6,14.285714285714286,0,0,6,9,6,14.857142857142858,0,11.1,0.6,2.02,Graduate
1,1,1,14,1,1,1,3,27,5,8,0,0,0,1,1,1,20,0,0,6,7,6,14.833333333333334,0,0,6,6,6,14.833333333333334,0,12.7,3.7,-1.7,Graduate
1,9,1,15,1,1,1,23,27,10,9,0,0,0,1,1,1,21,0,0,6,8,5,13.833333333333334,0,0,6,6,4,14.0,0,13.9,-0.3,0.79,Graduate
1,7,2,10,1,1,1,13,28,5,6,1,0,0,1,0,0,18,0,0,6,6,6,13.5,0,0,6,6,6,12.166666666666666,0,10.8,1.4,1.74,Graduate
1,8,3,15,1,1,1,2,1,4,4,1,0,0,1,1,0,18,0,0,6,7,6,13.166666666666666,0,0,6,7,6,12.666666666666666,0,16.2,0.3,-0.92,Graduate
1,8,2,15,1,1,1,13,1,10,10,1,0,0,1,1,0,20,0,0,6,6,6,11.833333333333334,0,0,6,6,6,12.166666666666666,0,12.7,3.7,-1.7,Graduate
1,8,1,14,1,1,1,1,1,5,5,1,0,0,1,1,0,20,0,0,6,9,6,14.666666666666666,0,0,6,7,6,13.857142857142858,0,8.9,1.4,3.51,Graduate
1,8,1,10,1,1,1,13,27,10,10,1,0,0,1,0,1,21,0,0,6,7,6,13.333333333333334,0,0,6,7,6,13.5,0,12.4,0.5,1.79,Graduate
1,1,2,10,1,1,1,13,27,10,10,1,0,0,1,0,1,18,0,0,6,6,6,13.166666666666666,0,0,6,6,6,16.0,0,10.8,1.4,1.74,Graduate
1,1,1,15,1,1,1,3,14,3,4,1,0,0,1,0,0,19,0,0,6,6,6,13.0,0,0,6,7,6,11.666666666666666,0,8.9,1.4,3.51,Graduate
1,1,1,14,1,1,1,1,14,5,5,0,0,0,1,0,1,18,0,0,6,8,6,14.0,0,0,6,7,6,13.285714285714286,0,11.1,0.6,2.02,Graduate
1,1,3,15,1,1,1,13,28,5,5,1,0,0,1,0,1,20,0,0,6,6,6,13.5,0,0,6,7,6,12.666666666666666,0,11.1,0.6,2.02,Graduate
1,1,3,10,1,1,1,23,27,9,9,1,0,0,1,0,1,19,0,0,6,7,6,11.714285714285714,0,0,6,6,6,11.833333333333334,0,13.9,-0.3,0.79,Graduate
1,8,3,10,1,1,1,26,1,3,4,1,0,0,1,0,0,21,0,0,6,8,6,12.666666666666666,0,0,6,7,6,12.428571428571429,0,11.1,0.6,2.02,Graduate
1,1,1,15,1,1,1,1,14,5,11,1,0,0,1,0,0,18,0,0,6,6,6,12.833333333333334,0,0,6,7,6,12.166666666666666,0,11.1,0.6,2.02,Graduate
1,1,1,5,1,1,1,1,1,4,6,1,0,0,1,0,1,20,0,0,6,6,6,12.666666666666666,0,0,6,8,6,13.0,0,10.8,1.4,1.74,Graduate
1,8,1,5,1,1,1,23,14,10,4,1,0,0,1,0,0,21,0,0,6,6,6,12.5,0,0,6,6,6,12.666666666666666,0,7.6,2.6,0.32,Graduate
1,3,2,16,1,1,1,13,14,4,4,1,0,0,1,0,1,19,0,0,6,8,6,12.666666666666666,0,0,6,7,6,12.0,0,12.7,3.7,-1.7,Graduate
1,14,1,11,1,1,1,22,27,10,10,0,0,0,1,1,0,21,0,0,6,6,6,12.666666666666666,0,0,6,7,5,11.4,0,9.4,-0.8,-3.12,Graduate
1,8,3,5,1,1,1,23,27,6,6,1,0,0,1,1,0,18,0,0,6,6,6,12.833333333333334,0,0,6,8,5,11.4,0,15.5,2.8,-4.06,Enrolled
1,9,2,14,1,1,1,22,28,5,2,1,0,0,1,1,0,19,0,0,6,6,6,14.166666666666666,0,0,6,6,6,14.0,0,13.9,-0.3,0.79,Graduate
1,8,1,14,1,1,1,13,28,8,10,1,0,0,1,0,1,19,0,0,6,9,5,13.5,0,0,6,6,6,14.0,0,12.4,0.5,1.79,Graduate
1,1,2,15,1,1,1,1,1,10,5,1,0,0,1,0,0,18,0,0,6,6,6,11.666666666666666,0,0,6,6,5,12.2,0,12.7,3.7,-1.7,Graduate
1,1,1,6,1,1,1,13,28,6,8,1,0,0,1,0,1,21,0,0,6,8,6,13.285714285714286,0,0,6,11,6,13.0,0,11.1,0.6,2.02,Graduate
1,1,1,10,1,1,1,1,14,5,10,0,0,0,1,0,1,20,0,0,6,6,6,11.666666666666666,0,0,6,8,6,11.166666666666666,0,15.5,2.8,-4.06,Graduate
1,8,1,10,1,1,1,13,28,4,8,0,0,0,1,0,1,19,0,0,6,13,6,11.5,0,0,6,9,5,12.2,0,11.1,0.6,2.02,Graduate
1,9,3,5,1,1,1,23,27,10,8,1,0,0,1,0,1,19,0,0,6,6,6,12.666666666666666,0,0,6,6,6,13.0,0,15.5,2.8,-4.06,Graduate
1,1,3,16,1,1,1,3,3,3,3,1,0,0,1,0,0,23,0,0,6,8,5,13.6,0,0,6,8,5,11.6,0,7.6,2.6,0.32,Enrolled
1,1,3,15,1,1,1,1,1,5,5,1,0,0,1,0,1,18,0,0,6,6,6,13.166666666666666,0,0,6,7,5,13.2,0,12.4,0.5,1.79,Dropout
1,1,1,10,1,1,1,1,14,5,8,1,0,0,1,0,1,18,0,0,6,6,6,13.166666666666666,0,0,6,7,6,14.142857142857142,0,11.1,0.6,2.02,Graduate
1,1,1,5,1,1,1,13,2,8,4,1,0,0,1,0,0,19,0,0,6,6,6,13.166666666666666,0,0,6,6,6,12.666666666666666,0,15.5,2.8,-4.06,Graduate
1,1,3,5,1,1,1,1,28,5,8,1,0,0,1,0,1,19,0,0,6,6,6,12.833333333333334,0,0,6,6,6,12.833333333333334,0,9.4,-0.8,-3.12,Graduate
1,1,1,11,1,1,1,1,14,5,5,0,0,0,1,1,0,18,0,0,6,8,6,13.571428571428571,0,0,6,7,5,11.8,0,8.9,1.4,3.51,Graduate
1,1,1,14,1,1,1,13,28,10,10,0,0,0,1,1,0,19,0,0,6,8,6,14.25,0,0,6,7,6,13.857142857142858,0,11.1,0.6,2.02,Graduate
1,1,3,5,1,1,1,19,27,6,8,1,0,0,1,0,0,20,0,0,6,6,6,13.666666666666666,0,0,6,6,6,13.333333333333334,0,9.4,-0.8,-3.12,Graduate
1,1,1,6,1,1,1,23,28,5,10,0,0,0,1,1,1,18,0,0,6,8,6,15.5,0,0,6,9,4,15.5,0,11.1,0.6,2.02,Dropout
1,8,1,14,1,1,1,22,27,10,10,1,0,0,1,1,0,19,0,0,6,7,5,13.2,0,0,6,10,5,13.25,0,10.8,1.4,1.74,Enrolled
1,1,1,15,1,1,1,1,14,5,5,0,0,0,1,1,1,19,0,0,6,10,4,14.0,0,0,6,9,6,12.333333333333334,0,9.4,-0.8,-3.12,Graduate
1,1,3,15,1,1,1,13,28,10,8,1,0,0,1,1,0,19,0,0,6,6,6,13.833333333333334,0,0,6,6,6,13.666666666666666,0,11.1,0.6,2.02,Graduate
1,1,1,15,1,1,1,13,28,10,10,0,0,0,1,1,1,18,0,0,6,6,5,12.0,0,0,6,6,6,12.833333333333334,0,12.7,3.7,-1.7,Graduate
1,1,2,10,1,1,1,23,14,10,8,1,0,0,1,1,0,19,0,0,6,10,6,11.125,0,0,6,7,6,11.857142857142858,0,7.6,2.6,0.32,Graduate
1,8,1,14,1,1,1,1,27,5,6,0,0,0,1,1,0,21,0,0,6,8,6,14.75,0,0,6,9,5,14.333333333333334,0,11.1,0.6,2.02,Graduate
1,1,2,11,1,1,1,1,14,6,8,1,0,0,1,0,1,20,0,0,6,6,6,13.833333333333334,0,0,6,6,6,15.0,0,11.1,0.6,2.02,Graduate
1,1,1,10,1,1,1,22,27,10,10,1,0,0,1,0,1,18,0,0,6,7,5,10.2,0,0,6,9,4,11.25,0,12.4,0.5,1.79,Graduate
1,1,1,11,1,1,1,13,14,8,9,1,0,0,1,0,1,20,0,0,6,6,6,14.5,0,0,6,7,5,15.0,0,12.4,0.5,1.79,Enrolled
1,8,1,15,1,1,1,13,14,5,5,1,0,0,1,0,0,20,0,0,6,9,6,11.666666666666666,0,0,6,8,5,11.6,0,7.6,2.6,0.32,Enrolled
1,1,1,16,1,1,1,13,10,10,8,1,0,0,1,0,0,18,0,0,6,6,6,13.333333333333334,0,0,6,7,6,12.333333333333334,0,7.6,2.6,0.32,Graduate
1,1,1,10,1,1,1,13,14,6,6,1,0,0,1,0,1,18,0,0,6,10,4,12.4,0,0,6,8,6,12.5,0,12.4,0.5,1.79,Graduate
1,1,1,8,1,1,1,3,1,5,10,1,0,0,1,0,0,18,0,0,6,8,6,14.5,0,0,6,9,6,12.857142857142858,0,13.9,-0.3,0.79,Graduate
1,1,1,11,1,1,1,23,27,6,6,0,0,0,1,0,0,19,0,0,6,12,4,11.0,0,0,6,6,4,12.5,0,16.2,0.3,-0.92,Enrolled
1,8,3,10,1,1,1,3,3,3,3,1,0,0,1,0,0,19,0,0,6,10,6,12.0,0,0,6,12,4,11.0,0,12.7,3.7,-1.7,Graduate
1,8,1,15,1,1,1,22,27,10,9,1,0,0,1,0,1,18,0,0,6,7,6,13.857142857142858,0,0,6,7,6,14.285714285714286,0,13.9,-0.3,0.79,Graduate
1,1,1,6,1,1,1,23,27,5,5,0,0,0,1,0,1,19,0,0,6,8,6,15.0,0,0,6,9,6,14.857142857142858,0,11.1,0.6,2.02,Graduate
1,1,1,5,1,1,1,22,27,4,4,1,0,0,1,0,0,20,0,0,6,6,6,12.166666666666666,0,0,6,7,5,13.8,0,12.7,3.7,-1.7,Graduate
1,1,2,6,1,1,1,25,4,3,3,1,0,0,1,0,0,18,0,0,6,7,6,15.666666666666666,0,0,6,6,6,14.833333333333334,0,8.9,1.4,3.51,Graduate
1,8,1,10,1,1,1,23,28,10,8,0,0,0,1,0,1,19,0,0,6,7,6,12.833333333333334,0,0,6,6,6,13.166666666666666,0,12.4,0.5,1.79,Graduate
1,8,1,5,1,1,1,22,28,10,9,1,0,0,1,0,0,20,0,0,6,6,6,12.5,0,0,6,6,6,12.666666666666666,0,7.6,2.6,0.32,Graduate
1,1,2,5,1,1,1,22,27,10,10,1,0,0,1,1,1,21,0,0,6,6,6,13.166666666666666,0,0,6,8,6,13.285714285714286,0,8.9,1.4,3.51,Graduate
1,8,1,11,1,1,1,13,1,10,5,1,0,0,1,0,0,19,0,0,6,11,3,12.0,0,0,6,11,4,11.25,0,7.6,2.6,0.32,Dropout
1,8,2,11,1,1,1,23,28,10,9,1,0,0,1,0,1,20,0,0,6,6,6,13.166666666666666,0,0,6,6,6,14.0,0,13.9,-0.3,0.79,Graduate
1,8,1,10,1,1,1,22,27,10,10,1,0,0,1,0,1,21,0,0,6,8,1,10.0,0,0,6,13,5,11.4,0,12.7,3.7,-1.7,Enrolled
1,1,3,6,1,1,1,1,14,10,10,1,0,0,1,0,1,18,0,0,6,7,6,15.666666666666666,0,0,6,8,6,15.285714285714286,0,8.9,1.4,3.51,Graduate
1,8,1,10,1,1,1,23,1,10,5,0,0,0,1,0,0,19,0,0,6,6,6,12.166666666666666,0,0,6,7,6,13.714285714285714,0,15.5,2.8,-4.06,Graduate
1,1,1,15,1,1,1,13,14,10,10,1,0,0,1,0,0,18,0,0,6,6,5,12.6,0,0,6,8,6,12.0,0,11.1,0.6,2.02,Graduate
1,1,1,11,1,1,1,13,1,10,9,1,0,0,1,0,1,18,0,0,6,7,6,12.857142857142858,0,0,6,10,4,13.0,0,12.7,3.7,-1.7,Graduate
1,3,1,8,1,1,1,5,33,3,3,1,0,0,1,0,0,18,0,0,6,6,6,15.0,0,0,6,6,6,14.833333333333334,0,8.9,1.4,3.51,Graduate
1,8,2,10,1,1,1,2,3,4,4,1,0,0,1,0,0,19,0,0,6,7,6,11.166666666666666,0,0,6,9,6,11.666666666666666,0,9.4,-0.8,-3.12,Graduate
1,1,2,11,1,1,1,1,28,5,10,1,0,0,1,0,0,18,0,0,6,10,4,11.75,0,0,6,13,4,10.0,0,7.6,2.6,0.32,Dropout
1,8,1,10,1,1,1,13,14,6,8,0,0,0,1,0,1,19,0,0,6,7,6,13.5,0,0,6,7,6,14.0,0,15.5,2.8,-4.06,Graduate
1,1,2,14,1,1,1,22,27,10,8,1,0,0,1,0,1,18,0,0,6,8,6,13.571428571428571,0,0,6,6,5,12.8,0,12.4,0.5,1.79,Enrolled
1,8,3,11,1,1,1,22,14,6,6,1,0,0,1,0,0,19,0,0,6,8,4,11.25,0,0,6,8,4,12.0,0,10.8,1.4,1.74,Enrolled
1,1,1,15,1,1,1,22,28,8,8,0,0,0,1,0,1,18,0,0,6,6,6,12.166666666666666,0,0,6,7,6,12.142857142857142,0,15.5,2.8,-4.06,Graduate
1,8,1,6,1,1,1,22,27,10,10,1,0,0,1,0,1,23,0,0,6,6,6,14.666666666666666,0,0,6,8,6,12.428571428571429,0,8.9,1.4,3.51,Graduate
1,1,1,10,1,1,1,22,28,10,11,0,0,0,1,0,0,18,0,0,6,9,6,13.714285714285714,0,0,6,6,6,14.166666666666666,0,13.9,-0.3,0.79,Graduate
1,1,2,10,1,1,1,1,14,5,6,0,0,0,1,0,0,18,0,0,6,10,4,11.0,0,0,6,8,5,11.2,0,10.8,1.4,1.74,Graduate
1,8,2,15,1,1,1,2,1,3,8,1,0,0,1,0,0,20,0,0,6,6,6,14.333333333333334,0,0,6,6,6,15.5,0,12.4,0.5,1.79,Graduate
1,8,1,16,1,1,1,1,28,5,11,1,0,0,1,0,0,18,0,0,6,10,4,13.0,0,0,6,9,5,13.666666666666666,0,9.4,-0.8,-3.12,Graduate
1,8,3,10,1,1,1,13,14,8,8,1,0,0,1,0,0,19,0,0,6,7,5,10.8,0,0,6,9,6,10.166666666666666,0,8.9,1.4,3.51,Graduate
1,1,1,11,1,1,1,22,27,8,8,0,0,0,1,0,0,18,0,0,6,10,5,12.2,0,0,6,10,5,11.6,0,16.2,0.3,-0.92,Enrolled
1,1,1,10,1,1,1,19,28,5,8,0,0,0,1,0,1,18,0,0,6,12,4,11.0,0,0,6,9,6,11.5,0,9.4,-0.8,-3.12,Graduate
1,8,2,16,1,1,1,22,27,6,1,0,0,0,1,0,0,18,0,0,6,11,3,12.333333333333334,0,0,6,11,4,13.5,0,7.6,2.6,0.32,Dropout
1,8,1,10,1,1,1,23,14,8,8,0,0,0,1,0,1,21,0,0,6,11,4,11.25,0,0,6,12,4,11.4,0,15.5,2.8,-4.06,Graduate
1,1,1,15,1,1,1,19,18,1,7,1,0,0,1,0,0,18,0,0,6,6,6,15.166666666666666,0,0,6,7,6,14.857142857142858,0,7.6,2.6,0.32,Graduate
1,1,1,14,1,1,1,13,14,6,10,1,0,0,1,0,1,18,0,0,6,6,6,13.5,0,0,6,9,6,13.666666666666666,0,10.8,1.4,1.74,Graduate
1,8,2,10,1,1,1,13,28,10,10,1,0,0,1,0,0,19,0,0,6,9,6,12.166666666666666,0,0,6,9,6,11.0,0,8.9,1.4,3.51,Graduate
1,8,2,5,1,1,1,13,28,5,8,1,0,0,1,0,0,19,0,0,6,6,6,14.333333333333334,0,0,6,6,6,13.5,0,9.4,-0.8,-3.12,Graduate
1,1,2,15,1,1,1,19,28,1,6,1,0,0,1,0,0,20,0,0,6,10,4,10.5,0,0,6,8,4,11.75,0,7.6,2.6,0.32,Graduate
1,1,1,10,1,1,1,22,27,6,7,0,0,0,1,0,1,21,0,0,6,6,6,13.333333333333334,0,0,6,8,6,13.166666666666666,0,9.4,-0.8,-3.12,Graduate
1,1,3,11,1,1,1,13,1,8,10,1,0,0,1,0,1,18,0,0,6,6,6,12.666666666666666,0,0,6,6,6,12.5,0,12.4,0.5,1.79,Graduate
1,1,1,10,1,1,1,23,28,1,8,1,0,0,1,0,0,19,0,0,6,8,5,11.0,0,0,6,13,5,11.4,0,7.6,2.6,0.32,Graduate
1,8,2,16,1,1,1,22,27,6,7,1,0,0,1,0,0,22,0,0,6,9,4,12.25,0,0,6,8,5,11.6,0,10.8,1.4,1.74,Enrolled
1,8,2,11,1,1,1,1,4,5,5,0,0,0,1,0,1,18,0,0,6,7,6,11.285714285714286,0,0,6,9,4,13.5,0,16.2,0.3,-0.92,Graduate
1,3,1,16,1,1,1,1,28,6,9,1,0,0,1,0,0,22,0,0,6,11,3,15.0,0,0,6,11,4,10.25,0,9.4,-0.8,-3.12,Enrolled
1,1,1,10,1,1,1,19,28,1,8,1,0,0,1,0,0,20,0,0,6,9,5,11.8,0,0,6,10,4,11.5,0,7.6,2.6,0.32,Dropout
1,1,1,11,1,1,1,13,14,10,10,1,0,0,1,0,1,18,0,0,6,7,6,14.166666666666666,0,0,6,10,4,14.0,0,15.5,2.8,-4.06,Graduate
1,1,1,11,1,1,1,13,1,4,8,0,0,0,1,0,1,22,0,0,6,9,6,12.833333333333334,0,0,6,6,4,13.25,0,16.2,0.3,-0.92,Graduate
1,1,1,10,1,1,1,13,27,6,5,1,0,0,1,0,1,18,0,0,6,6,6,14.666666666666666,0,0,6,6,6,15.166666666666666,0,9.4,-0.8,-3.12,Graduate
1,8,2,15,1,1,1,1,1,5,9,1,0,0,1,0,0,19,0,0,6,6,6,13.333333333333334,0,0,6,6,6,14.666666666666666,0,12.4,0.5,1.79,Graduate
1,1,2,15,1,1,1,1,2,10,4,1,0,0,1,0,1,19,0,0,6,7,6,12.333333333333334,0,0,6,6,6,13.5,0,9.4,-0.8,-3.12,Graduate
1,8,3,15,1,1,1,1,14,6,8,0,0,0,1,0,0,18,0,0,6,6,6,13.5,0,0,6,6,6,13.333333333333334,0,12.4,0.5,1.79,Enrolled
1,1,1,10,1,1,1,13,1,10,10,1,0,0,1,0,0,20,0,0,6,7,6,13.5,0,0,6,6,6,13.0,0,10.8,1.4,1.74,Graduate
1,8,2,11,1,1,1,13,28,6,6,1,0,0,1,0,0,19,0,0,6,7,6,12.714285714285714,0,0,6,6,6,11.833333333333334,0,8.9,1.4,3.51,Graduate
1,14,1,15,1,1,1,23,14,10,10,1,0,0,1,1,1,20,0,0,6,6,6,12.333333333333334,0,0,6,7,6,14.0,0,12.4,0.5,1.79,Graduate
1,16,1,6,1,1,1,1,1,10,5,0,0,0,1,0,0,22,0,0,6,8,6,14.833333333333334,0,0,6,10,5,13.833333333333334,0,11.1,0.6,2.02,Graduate
1,1,1,11,1,1,1,1,1,6,6,1,0,0,1,1,1,21,0,0,6,6,6,11.666666666666666,0,0,6,7,5,12.2,0,10.8,1.4,1.74,Graduate
1,8,1,5,1,1,1,22,28,10,8,0,0,0,1,1,1,18,0,0,6,6,6,13.666666666666666,0,0,6,6,6,12.0,0,12.4,0.5,1.79,Graduate
1,1,1,10,1,1,1,13,1,8,4,1,0,0,1,1,0,18,0,0,6,10,5,11.6,0,0,6,6,6,11.166666666666666,0,10.8,1.4,1.74,Graduate
1,1,1,15,1,1,1,23,27,10,7,0,0,0,1,1,1,19,0,0,6,8,5,14.0,0,0,6,8,6,13.0,0,10.8,1.4,1.74,Graduate
1,8,1,14,1,1,1,1,14,5,9,0,0,0,1,1,1,19,0,0,6,7,6,12.0,0,0,6,6,6,14.0,0,12.4,0.5,1.79,Graduate
1,8,1,15,1,1,1,13,28,10,10,1,0,0,1,1,1,19,0,0,6,9,5,12.4,0,0,6,6,6,13.166666666666666,0,12.7,3.7,-1.7,Graduate
1,8,1,10,1,1,1,22,1,10,6,1,0,0,1,0,1,20,0,0,6,10,5,11.857142857142858,0,0,6,8,6,11.666666666666666,0,12.7,3.7,-1.7,Graduate
1,1,1,10,1,1,1,22,1,10,10,1,0,0,1,0,0,18,0,0,6,8,5,13.2,0,0,6,6,6,11.333333333333334,0,9.4,-0.8,-3.12,Graduate
1,1,2,10,1,1,1,13,28,10,9,1,0,0,1,0,1,19,0,0,6,8,6,12.714285714285714,0,0,6,12,5,11.0,0,13.9,-0.3,0.79,Dropout
1,1,1,11,1,1,1,23,14,10,11,0,0,0,1,0,0,18,0,0,6,6,6,12.5,0,0,6,6,6,12.666666666666666,0,15.5,2.8,-4.06,Graduate
1,1,1,15,1,1,1,1,14,6,11,1,0,0,1,0,0,18,0,0,6,6,6,12.833333333333334,0,0,6,6,6,13.333333333333334,0,9.4,-0.8,-3.12,Graduate
1,1,3,5,1,1,1,1,1,5,9,1,0,0,1,0,0,20,0,0,6,6,6,12.5,0,0,6,6,6,12.833333333333334,0,7.6,2.6,0.32,Graduate
1,8,1,10,1,1,1,22,27,10,10,1,0,0,1,0,0,18,0,0,6,9,4,11.5,0,0,6,10,4,10.75,0,7.6,2.6,0.32,Enrolled
1,1,1,14,1,1,1,3,14,4,10,1,0,0,1,1,0,18,0,0,6,9,6,13.571428571428571,0,0,6,11,4,14.0,0,12.4,0.5,1.79,Graduate
1,8,1,6,1,1,1,13,14,2,2,1,0,0,1,1,0,18,0,0,6,10,6,14.7,0,0,6,10,6,12.0,0,16.2,0.3,-0.92,Graduate
1,1,1,10,1,1,1,22,27,8,10,0,0,0,1,0,0,19,0,0,6,12,2,13.0,0,0,6,9,6,10.833333333333334,0,7.6,2.6,0.32,Enrolled
1,1,1,10,1,1,1,13,14,10,8,0,0,0,1,0,1,18,0,0,6,6,6,14.333333333333334,0,0,6,7,6,14.142857142857142,0,15.5,2.8,-4.06,Graduate
1,1,2,15,1,1,1,13,27,10,11,1,0,0,1,0,1,18,0,0,6,7,6,12.666666666666666,0,0,6,6,6,13.333333333333334,0,11.1,0.6,2.02,Graduate
1,1,1,11,1,1,1,22,14,10,10,1,0,0,1,0,1,22,0,0,6,9,6,13.875,0,0,6,6,6,14.333333333333334,0,9.4,-0.8,-3.12,Graduate
1,9,2,16,1,1,1,1,14,4,10,1,0,0,1,1,0,18,0,0,6,7,5,12.6,0,0,6,6,6,13.0,0,10.8,1.4,1.74,Enrolled
1,1,1,15,1,1,1,1,14,5,5,1,0,0,1,1,0,18,0,0,6,6,6,12.833333333333334,0,0,6,7,6,13.285714285714286,0,15.5,2.8,-4.06,Graduate
1,1,1,5,1,1,1,1,1,10,10,1,0,0,1,0,1,20,0,0,6,6,6,13.833333333333334,0,0,6,6,6,13.5,0,16.2,0.3,-0.92,Graduate
